0;1;2;3;4;5;14;20;29;35;41;46;74;84;106;111;121;132;141;166;177;197;217;254;266;277;310;332;348;464;468;474;509;526;552;553;590;638;660;662;668;677;683;703;717;838;839;858;884;887;907;922;1001;1003;1110;1155;1208;1252;1311;1315;1363;1451;1475;1609;1615;1686;1748;1827;1915;1920;2033;2155;2173;2221;2249;2305;2310;2352;2394;2506;2593;2617;2647;2741;2756;2763;2853;2902;2971;3002;3011;3095;3297;3330;3369;3390;3398;3486;3760;3797;3836;3873;3875;3912;3955;3991;4114;4131;4300;4397;4442;4493;4496;4690;4767;4839;4856;4928;4998;5092;5123;5258;5304;5553;5646;5760;6026
1;0;189;223;324;546;834;1158;1954;3077;4093;4531;4840;5241;5455
2;0;17;40;61;76;219;346;424;559;762;773;928;1060;1210;1322;1330;1705;1741;1759;1770;2036;2479;4560;4844;4913;5492;5678;5734
3;0;105;616;786;850;956;1078;1419;2258;2488;2597;4786;4813
4;0;6;8;10;63;77;82;129;182;220;227;243;350;402;435;510;726;1152;1346;1357;1367;1677;1698;1789;1834;1841;2042;2399;2511;2552;2713;2752;3232;3269;3644;3656;4583;4678;4810;5071;5330;5636;5833;5855;6095
5;0;7;9;19;21;23;34;67;78;102;139;233;261;276;280;327;404;421;442;491;495;523;536;540;637;644;698;753;781;1040;1054;1122;1149;1166;1202;1370;1429;1486;1518;1528;1534;1636;1639;1648;1771;1864;1890;1986;2106;2175;2233;2252;2266;2355;2440;2451;2459;2846;3039;3072;3075;3100;3111;3358;3434;3435;3460;3517;3695;4285;4366;4388;4406;4434;4504;4754;4915;5173;5197;5366;5567;5922;6102;6211
6;4;12;54;163;174;212;302;558;885;996;2261;2321;2688;2743;3431;4590;5857;5899;5975
7;5;11;16;24;39;44;45;47;50;56;64;72;108;161;165;181;193;203;225;272;274;291;295;299;318;380;439;453;475;535;642;654;679;710;771;864;866;883;971;1039;1042;1140;1240;1341;1359;1378;1531;1538;1594;1922;2142;2294;2496;2698;2840;2881;2934;3003;3041;3217;3406;3794;3818;3819;3981;4588;4824;4933;5112;5133;5299;5329;5771;5879;5954;6058;6082;6189;6202
8;4;36;101;176;415;736;777;784;1114;1344;1361;1734;1998;2353;2815;3058;3509;3563;3984;4936;5336;6046
9;5;15;38;99;778;1085;1232;1805;3048;3840;4771
10;4;66;79;92;98;602;614;626;844;973;1044;1154;1644;1690;3382;4061;4411;4464;4948;5363;6024;6230
11;7;13;28;30;65;89;115;259;360;373;408;462;517;587;729;1034;1334;1369;1599;1617;1628;1738;2154;2375;2421;3411;3793;4050;4347;4357;4437;4723;5109;5387;5440;5696;5826;5987
12;6;279;290;308;401;550;961;1478;2304;4233;5181
13;11;4734
14;0;49;93;97;136;292;409;1067;1509;1546;1825;2417;3478;3772;4065;4901;5398;5895
15;9;18;22;25;27;31;32;43;68;69;75;87;112;116;135;145;222;228;242;244;263;358;382;394;427;457;487;488;520;589;604;623;645;656;733;832;888;889;924;927;933;942;1029;1062;1084;1118;1179;1255;1264;1284;1323;1396;1586;1641;1699;1812;1821;1990;2008;2018;2046;2053;2090;2124;2291;2470;2561;2590;2777;2859;2899;2948;2969;3015;3066;3148;3202;3223;3257;3294;3362;3553;3561;3597;3770;3823;4289;4344;4358;4365;4539;4665;4718;4853;5044;5057;5058;5119;5136;5164;5439;5471;5509;5832;5877;5938;6096;6170;6196
16;7;33;57;127;304;314;451;732;1099;1336;1368;1462;1884;2332;2391;2627;2809;3788;4040;4836;5463;5666;5774
17;2;37;484;874;1286;1655;2342;2434;2824;2854;2912;3998
18;15;237;544;5457
19;5;2879;3159
20;0;152;164;213;333;393;669;674;1015;1174;1460;2577;3047;3098;3208;3578;3698;3731;3752;3757;3909;4029;4308;4580;5279;5904;5924
21;5;761;3503;5114
22;15;48;119;386;391;413;501;502;1094;1852;1863;2706;2745;3394;4025;4461;5244
23;5;83;606;900;1006;1071;1091;1221;1447;1725;1885;2436;2735;2877;3275;3427;4018;4337;4581;4743;5367;5738
24;7;26;81;156;313;323;368;381;563;596;803;841;1018;1025;1051;1266;1433;2648;3108;3521;4089;4229;4756;5864;6018
25;15;70;891;3104;5267
26;24;175;949;1581;2736;4402
27;15;42;58;60;130;138;200;375;511;588;625;734;740;856;1004;1056;1194;1413;1479;1485;1547;1696;1716;1760;1918;1996;2021;2275;2369;2378;2474;2580;2791;3113;3194;3300;3540;3590;3905;4117;4833;4921;4960;4980;5014;5274;5674;5710;5804
28;11;921;5454
29;0;94;221;232;312;496;622;725;879;1203;1444;1870;1977;2056;2523;2762;3210;4113;4265;5148;6041
30;11;157;173;209;255;1226;1630;1772;2903;3328;4523
31;15;356;432;483;787;861;2048;3131
32;15
33;16;51;55;73;319;984;1626;1951;2420;2666;3355;3614;5581
34;5;260;405;543;545;560;575;819;939;1254;1348;1351;1838;1858;2318;3020;3364;4098;4551;4685;4857;5230;5524
35;0;148;170;183;379;1079;4305
36;8;110;202;211;229;258;365;561;715;1023;1065;1177;1550;1591;1808;2516;2519;2654;3778;3987;4236;4611;4717;4974;5403;5483;5586
37;17;53;100;114;133;144;169;201;357;514;1235;1614;1824;1992;2066;2199;2202;2282;2334;2406;2870;2973;3156;3306;3490;3665;3872;4792;5214;5343;5761;5767;5882;6059
38;9;95;245;331;385;410;516;564;689;1302;2346;2628;3361
39;7;59;199;247;252;325;666;1398;1711;1749;2004;2349;2361;2493;3946;4155;4225;4612;4732;5009;5132;5548;6199
40;2;184;204;205;241;265;289;347;473;481;500;636;977;1098;1185;1273;1461;1592;1829;1851;2016;2083;2279;2642;2841;3000;3810;3862;4473;4534;5056;5196;5228;5386;5475;5556;5717;6034
41;0;240;485;923;1317;1672;1717;2077;3514;3564;3601;4392;4450;4800;5231;5293
42;27;236;1925
43;15
44;7;192;1186;2319;2322;2364;4301
45;7
46;0;52;103;315;519;735;851;904;967;1107;1131;1159;1245;2044;2082;2928;3796;4085;4234;5027;6137
47;7;428;1510;2013;2569;4072;4440;5070
48;22;482;798;893;2084;2937;3696;4000;4363;5948
49;14;107;210;215;352;752;3215;4535
50;7;113;317;338;1087;1167;2514;2732;4520;4668;5004
51;33;2269;3430;5605
52;46;62;246;336;472;652;1297;1513;1515;1551;1855;1882;2362;2605;3354;3443;3638;3993;4552;4608;5051;5369
53;37;556;2103;3044
54;6;2335;2389;6073;6201;6235
55;33;109;214;288;460;697;1173;1441;1732;2490;2855;3536;4847;4946;5515;6014;6229
56;7;131;569;1295;1337;1495;1867;2635;2637;2817;3897;4703;4834;5233
57;16;691;1127;1543;1582;1701;2312;2501;5856
58;27;463;1703;1938;2956
59;39;3004;3491;5600
60;27;2475
61;2;171
62;52;208;595;756;3069;3523
63;4;122;179;226;251;275;397;406;430;699;727;770;975;1138;1249;1388;1793;1956;2206;2692;2799;3034;3036;3115;3128;3646;3973;4926;5209;5427;5735;5907;6174
64;7;71;565;629;2396;2715
65;11;190;2441;2977
66;10;85;281;562;643;750;1195;2032;3120;3371;3917;5086
67;5;153;185;326;344;530;653;1072;2183;3617;3949;5552;5637
68;15;118;334;3287
69;15;91;120;168;224;239;749;1050;1308;3193;3256
70;25;3805;6215
71;64;86;388;862;1032;1300;2024;2129;2429;2587;3292;4423;4558;4648;5150;5362
72;7;90;2257;3686;4658;4871
73;33;124;377;494;571;837;1183;1214;1572;1596;1937;2172;2214;2236;2967;3253;4846;5248;5643;5691;5946;6210
74;0;80;125;270;431;497;708;1426;1921;1926;3017;3470;3596;4466;4740;4971;5532
75;15;134;146;195;1019;1602;1668;1815;2613;3421;4511
76;2;143;384;1836;2132;3198;3600;3844;4702;6053
77;4;96;335;1969;3952;4371;5502
78;5;154;155;341;714;1012;1693;1945;3543;4291;4751;5045
79;10;88;655;1393;2986;4245;4889;5464;5849
80;74;282;1726;4804
81;24;162;298;465;650;1151;1862;2287;2909;3176;3666;3894;4012;4142;4585;4808
82;4
83;23;4635
84;0;704;1002;1216;2057;3657;6220
85;66;3784;4102
86;71;250;615;3953;4467;4481;4985;5321
87;15;150;253;603;620;873;1096;1307;3245;5415;5538;5587
88;79;117;158;448;744;800;831;1389;2348;5892
89;11;198;328;372;486;1103;1279;1578;2271;2668;3129;3843;4038;4443;4684;5435;5719
90;72;149;160;178;268;316;389;419;593;694;709;854;972;1382;1473;1635;1765;1781;1828;1866;1886;2064;2188;2742;3024;3716;3879;3895;5000;5302;5356;5695
91;69;159;693;1101;1783;3529;4039;5800;6040
92;10;1228;1258;1394;1492;2010;3700;3930
93;14
94;29;126;284;4044
95;38;104;128;151;256;425;658;711;2298;3134;3281;3811;3832;4187;4252;5157;5291;6216
96;77;506;994
97;14;1055;1213;2345;4497;5808
98;10
99;9;329;700;767;822;1268;1282;1742;2254;2532;3021;3495;3593;3896;3934;4633;5075;5523
100;37
101;8;1488
102;5;908;2452;4945
103;46;2730
104;95;609;1182;1345;1944;1967;2244;2463;2866;2911;3154;3643;3735;4373;4490;4762;4830;5960
105;3;533
106;0;362;1953;2170;2790;3502;4157;5461;5809
107;49;230;728;1869
108;7;206;398;1109;1552;1576;1580;2533;3060;4513
109;55;218;273;1209;1333;1966;3067;4146;4279;4749
110;36;418;759;835;1169;2595;4843;5912
111;0
112;15;454
113;50;342;450;1424;1469;2439;3032;5146;5988;6191
114;37;123;305;1849;1897;1985;2157;2486;2502;4226;4865;5297
115;11;140
116;15;234;359;584;1597;2770;2964;4123;4794;4919;5251;6066
117;88;137;187;1443;2830;5184
118;68;527;3742;6145
119;22;5863
120;69
121;0;4121;5910
122;63;657;1640;1735
123;114;264;353;1069
124;73;743;1428;2347;2611;6007
125;74;147;1356;1400;1736;1767;1833;1901;2542;3122;3229;3348;3997;4502;4674;4785;4925;6124
126;94;5654
127;16;320;456;461;870;3333
128;95;269;378;455;572;621;772;1077;1605;1676;1722;1854;2205;2591;3932;4267;4564;4652;5327
129;4
130;27;196;339;1501;1570;2166;2223;3226;4262;4600;4801
131;56;6175
132;0;505;1123;2255;2929;3014;4076;5932
133;37;142;2983
134;75
135;15;267;962;1755;2292;4186;5590
136;14
137;117
138;27;555;993;1021;1137;1165;1224;1371;2915;3389;3756;5266;6021;6150
139;5;235;283;458;632;1620;1810;2297;4177;5322
140;115
141;0;366;583;793;1028;1294;1305;1342;1432;2887;3177;3289;3574;4619;5998;6037
142;133;1143;3982;5972
143;76;776
144;37;231;371;434;686;2705;3191;3706;6205
145;15;309;321;383;3915;4195;5772
146;75;1349;1896;3356;3835;4218;5898
147;125;271;718
148;35;191;799;1163;2243;3049;3910;6224
149;90;238;592;612;953;1366;1514;2974;4628
150;87;812;3942;4091;6044
151;95;188;345;896;1112;2272;2476;3690;5835;5986
152;20;577;1130;1919;2438;6013
153;67;1088
154;78
155;78;1483
156;24;1244;1533;2826;3028;5139
157;30;194;738;3950;5729
158;88;1600
159;91;524;929;2306
160;90;934;1117;1590;3040;3642;4672;5445
161;7
162;81;1136;5928
163;6;2309;3730;6155;6222
164;20;167;859;4563
165;7;452;513;825;2604;2629;3978;4636;5024
166;0;1172;4049;5080;5550
167;164;441;913;1955;2151;2665;2728;2984;3056;3368;3994;4432;4670
168;69;172;306;395;978;982;1027;1270;1845;2054;2314;2423;2458;3635;5378
169;37
170;35;285;311;610;675;1074;1555;1612;2265;3153;3729;3822;4032;4192;4650
171;61;2759;4387
172;168;1708;2283
173;30;3532
174;6;186;601;719;901;1013;1549;1649;2075;2193;2465;3209;3273;3304;3803;4105;4447;4602;4745
175;26;180;248;678;836;847;935;1083;2601;3889
176;8;445;3546
177;0;216;2737;4118;5555;6207
178;90;635;701;2825;4571
179;63;376;1236;1421;3258;3527;3963;4428;5635;5680;5939
180;175;2536
181;7
182;4;826;954;974;1675;1840;2074;2242;2551;2848;4136;4161;4250;4855;5094;5467;5931
183;35;476;582;680;3227;4055
184;40;293;340;351;813;1593;2196;2939;3420;3472;4483
185;67;611;931;1233;1604;2051;4907
186;174;892;1502;3497;4376
187;117;207;568;647;4632;5429;6156
188;151;4134;4217;4643
189;1;297;390;692;797;1005;1009;1020;1036;1537;1861;1930;2245;2680;2883;2950;3524;3558;3623;3951;4360;5226;5937
190;65;249;440;459;746;795;806;1181;1939;1959;2189;2566;4107
191;148;411;940;1683;1932;4335;4500;5845;6180
192;44;903
193;7;504;525;598;5530
194;157
195;75;4951
196;130;508;581;801;1458;1684;3577;4041
197;0;1507;1762;2093;2727;4711;5801;6094
198;89;1048;1404
199;39;478;1024;1090;1211;2575;3518;4831;5621;6246
200;27;2229
201;37
202;36
203;7;469;586;639;804;946;1097;1818;2029;3669;5354;5854
204;40;1757;1773;2260;3005;3877;5059
205;40;287;1751;1794;2788
206;108;426;673;992;1621;1710;2222;6117
207;187;1111;1188;2011;6151
208;62
209;30;2140;2709;4327
210;49;479;775;833;876;2674;3632;4815
211;36;1688;1887;2340;3112;3548;3650;3976;6100
212;6;1707;2137;3468
213;20;3375
214;55;367;591;613;1043;1045;1108;1823;2179;2397;2444;2612;2851;3103;3132;3272;3399;3513;3556;4108;4170;5687
215;49;1306;2767;3547;5358;5421;5545
216;177;307;579
217;0;981
218;109;466;664;765;1061;1288;1408;1670;1987;2177;2262;2858;3350;3467;3555;4266;5084;5615
219;2;303
220;4
221;29;5199
222;15;811;1116;1527;3250;4125;4321;5819
223;1;1952;2795;3580;4640;4720;4819;5519
224;69;443;4963;5844
225;7;1086;3595;3743
226;63;503;1807;2278;3311;4359;4753
227;4;1422
228;15;364;751;780;3110
229;36;2358
230;107;1911
231;144;2123;3769
232;29;521;578
233;5
234;116;294;2187;2961;4294
235;139;1259;1290;2545;3324;6233
236;42;979;1489;1493;2564;5563;6004
237;18;300;1579;1587;1991;2908;4017
238;149;4144
239;69
240;41;396;594;1739;3136
241;40;948
242;15
243;4;330;438;959;1377;1673;1842;1905;2101;4002;4141;4598;4982
244;15;2932
245;38
246;52;3834
247;39;580;1798
248;175;363;824;3331;3506;4577;4691;5065
249;190;1187;1876;2000;3315;3762;4666;5620
250;86;422;875;3022
251;63
252;39;4058
253;87;355;1095;2724;3418;4900
254;0;897;1227;1438;1692;3081;4158;4441
255;30;322;480;574;3308;4730
256;95;257;663;764;823;1204;2237;2663;3001;4416;4838;5697
257;256;1558;3931
258;36;262
259;11
260;34
261;5
262;258;370;774;872;1092;1347;1660;1715;1803;2359;2695;3868;4154;4410;4597;5107;5397
263;15;5191
264;123;361;5799
265;40
266;0;423
267;135;4492;5891
268;90
269;128;447;1057;1566;1747;2180;2296;3535;4284;5208;5610;5632
270;74;852;1477;2921
271;147;1403;2087;5625;6130
272;7;5634
273;109;286;2733;3870
274;7;1196;2240
275;63;3602
276;5;1089;3149;3385;5224;5971
277;0;278;296;301;723;1517;1562;1949;2888;3247;3383;3795
278;277;467;3907;5536
279;12;542;2201;2925
280;5;1364;1662;1791
281;66;659
282;80
283;139;5573
284;94;3473;3488;4781;5176
285;170;407;748;957;1200;1434;3316;4459
286;273;387;1066;3845;4797
287;205
288;55;757;988;3849
289;40;343;412;3237;3572;3723;3876;3974;4006
290;12;2478;4498
291;7;5589
292;14;1132
293;184
294;234;392;4395;5699
295;7;1968;2821;5913;6203
296;277;1215;1261
297;189;1010;4549
298;81;617;917;970;1906
299;7
300;237;1567;4070;4404;5748
301;277;724
302;6
303;219;1843;3445
304;16;1520;1661;2407;4243
305;114
306;168;633;760;2259;2331;2847;4644;5389
307;216
308;12;1225
309;145;531;890;1000;2268;2425
310;0;607
311;170;863;951;3790;6244
312;29;446;782;1503;3453;4679
313;24;1148
314;16
315;46;5700;6115
316;90
317;50
318;7;374;493;529;1100;1500;1584;2133;2303;2390;2725;3070;3158;3252;3718;4419;5624;5706;6038
319;33
320;127;436;549;702;2603;2936;3377;4891;5265
321;145;687;2073;2856;4312
322;255;337
323;24;2267
324;1;1350;1439;1826;2284;2579;6023
325;39
326;67
327;5;651;1806;2069;3416
328;89
329;99;557;4240
330;243;349;3290;5723
331;38
332;0;528;3282;3293;4595
333;20;1860;4106;4739
334;68;2102
335;77;2678;4211;5394
336;52;3167;5466;6166
337;322
338;50;369;490;585;802;817;1144;1340;1465;1467;1583;2147;3152;3763;3787;3901;3925;4482;4637;4728;4882;5236;5784;6107;6198
339;130;1723;1795
340;184;417;449;2125;3715;4986;5595;5993;6185
341;78;2507
342;113;354;551;600;696;828;1430;1448;2499;2562;3449;3516;5309;5689;5961
343;289;3508
344;67;400;2456;4988
345;151;2631
346;2;3170
347;40;4414
348;0
349;330;809;964;969;1395;1632;1927;2165;2649;2686;3458;3928;4021;4274;4364;5096;6204
350;4;1455;3531
351;184
352;49;730
353;123;5215
354;342;1038;1610;2679;3673;5850
355;253;1487;5677
356;31
357;37;498;507;958
358;15;2655;5282
359;116;437;742;2783
360;11;399;918;1553;1975;2656;3608;4346;4389;4510;5174;5237;5263;5878
361;264;2581;2619
362;106
363;248;627;3285;3359;3736;3804
364;228;741;2820;5227;6085
365;36
366;141;2379
367;214;567;3264;3307
368;24;987;4996;5034
369;338
370;262;470;599;671;2697;4399;4489;4687
371;144;539;1625;5830
372;89;3182
373;11;414;624;895;1058;1184;1790;1907;2086;2367;2775;3160;4451;4778;4887;5337;5645
374;318;477;534;676;1212;1508;1638;1877;2160;4381;5198;5349
375;27;403;906;1436;5335;5570
376;179;1456;2594;5195
377;73
378;128;576
379;35;991
380;7;5601
381;24;2677
382;15;4594
383;145
384;76;634;649;670;792;1299;1313;1318;3347;3682;3939;4505;4546;4923;5125
385;38;1420;2734
386;22;808
387;286;416;429;1139;1153;1229;1260;1387;1445;1542;1746;1801;1811;2276;2539;2620;2864;2949;4302;4682;5147
388;71;4586
389;90;489;566;597;1663;2081;2094;2558;2744;3088;3312;4427;5504
390;189;548;1685;1962;2484;2931
391;22;1026;2224;2703;2927;6168
392;294;420;684;919;3619;6217
393;20;3097;5726
394;15;471;2212;3703;6025
395;168;667
396;240;930;1162;1888;2497;4727
397;63;898;986;3295;5887
398;108
399;360;1423;1656;1671;1786;2045;2898;3423;4166
400;344;1353;4676
401;12;3199
402;4;4733
403;375;573;785;1008;1411;1695;1917;3579;5384
404;5;492
405;34;1983;4449
406;63;618;641;1104;1511;2058;2882;4008;4036;4269;4334;4506;5499
407;285;936;1291;3329;3387
408;11;5238
409;14;1719;4316;5479
410;38
411;191
412;289
413;22
414;373
415;8
416;387
417;340;821;1524;1835;3317;3842;3914;4375;4809
418;110
419;90;1157;2295;3146
420;392
421;5;706;937;1126;1141;1280;1358;1618;2341;2401;3059;3222;3378;3429;3562;3604;4456;4837;5775;5794
422;250;865
423;266;789;1779;2634
424;2;1383;2942;3235;3519;4615;5313
425;95;2897
426;206
427;15;713;1052;1263;1301;1397;1873;2324;2699;3092;4024;4116;4282;4292;4336;4812
428;47
429;387;433;1374;2111;2338;3033;3530;5128
430;63;444;4051;4201
431;74;2453;5936
432;31;810;1277;4380;6003
433;429
434;144;1850
435;4;1401
436;320
437;359;4241;5956
438;243
439;7;2810
440;190;857
441;167;3916
442;5;1737
443;224
444;430;721;1201;2426;3053;3522;4145;4955;5414;5716
445;176;515
446;312;518;1653;2363;3271;4458;4526
447;269
448;88;1519;2156
449;340;1281;2621
450;113;815;1564;1754;1892;2315;3200;4119
451;16;1274
452;165
453;7;1332;1650;1667;3150;3507
454;112;547;3370;3856;3975;5328;6108;6213
455;128
456;127;712;1320;4361
457;15
458;139;3438;5459
459;190;983;1207;1289;1390
460;55;3203;3899;4693;6190
461;127;541;628;681;1030;1338;1680;1787;1989;2019;3030;4223;5095
462;11
463;58;1466;3027;3893;4147
464;0;648;747;3455;4378;4407
465;81;630;1804
466;218;3397
467;278;827;2384;2922;5528
468;0
469;203;2906
470;370;1386;1440;2141;3393
471;394;1198;4681
472;52;1782;2450
473;40
474;0;779;2410;3748;4726;5506
475;7;499;2149
476;183;570;843;1385;6183
477;374;2598
478;199;846
479;210
480;255;512;672;3515;6060
481;40;965
482;48;631;2416;6048
483;31;537;1222;1472;1499;1541;5252
484;17;682;3452;3927
485;41
486;89
487;15
488;15;790
489;389
490;338;791;1392;3381;5995
491;5;1011;1146;2351
492;404;1490
493;318
494;73
495;5;2623
496;29;1017
497;74;739;1150;1449;2015;2704;3319;5205
498;357;4680
499;475;6132
500;40;899;905;5575
501;22;1247;2413;2582
502;22;3338
503;226
504;193
505;132
506;96
507;357;608;1125;1128;1679;2329;2978;3126;3441;3481;3534;4209;4322;5585;6152
508;196;522
509;0
510;4
511;27;690;1409;1978;2107;2522;4967;5544;6176
512;480
513;165
514;37;1435;5290
515;445;2110
516;38;911;3913
517;11
518;446;867;2418;2638
519;46;619;1064;2098;3465;4372;4439
520;15;665;1105;1470;1878;2876;3178;3480;4870;5951
521;232;1678;6226
522;508
523;5;538;640;1589;1965;3483;3500;3570;3857;4704;5373
524;159;532;745;894;1652;3813
525;193;860;3417;3967;4259
526;0;4603
527;118;3025
528;332;2003;2065
529;318;849;1287;2231;2802
530;67;3944
531;309;4278
532;524
533;105;605;1267
534;374;554;2085
535;7;2171
536;5;722;1133
537;483
538;523;1256;1298;1797
539;371
540;5;6035
541;461;853;2027;2778;2976;4568;5019
542;279;814;1865;2290;4509;5802
543;34
544;18;5824
545;34;848;1121;1218;1694;1752;1775;2608;2716;3484;3613;3918;4417;6031
546;1
547;454;5325
548;390;2158;3688;6165
549;320;646;1431;5316
550;12;2356;4237
551;342;2891
552;0
553;0;716;737;1147;1316;1575;1720;3391;5724
554;534
555;138;661;1832;2117;2529;3740;4400;5491
556;53;3525
557;329;4935
558;6
559;2;4735
560;34;880;2308;2721;3062;3439;4710
561;36
562;66;4499
563;24
564;38;5370
565;64
566;389
567;367;1178;3785
568;187
569;56;2037;5795
570;476;855;944;1908;2622;2845;5400
571;73
572;128;2844;4591
573;403;1237;2161;3094;3966
574;255
575;34;2671;4172;4212
576;378
577;152
578;232
579;216;1619;3433;4418
580;247
581;196
582;183;3211
583;141;758;783;1135;1768;1947;2096;3192;4351;4784;6033;6063
584;116;1923;4508;5204
585;338;945
586;203
587;11
588;27
589;15
590;0;2768
591;214
592;149;1406;3761;4426
593;90;1031;2039;2400;3935
594;240;952;1129;1940;2217;3671;3789;4777;5630
595;62;1627;4613;6192
596;24;1948;2387;2694;3018;3569;4656
597;389;1459;2462;3384;4043
598;193;1535;2241;2395;4862
599;370;1910;2521
600;342;1743;3571
601;174;3533;5906
602;10
603;87
604;15;997
605;533
606;23
607;310;2541
608;507;2210;3026;4737
609;104;685;705;915;1160;2618;3175;3722;3827;4129;4757;4909;5187;5350;6219
610;170
611;185;1427
612;149
613;214
614;10
615;86;1205;1728;3970;4023
616;3;788;963
617;298;2121;2472;2554;4199
618;406;989;2250;2842;6237
619;519;1022;1134;1375;2570;2994;4258;4746
620;87
621;128;2138;2812
622;29;766;1769;3687;5256
623;15;5194
624;373;2645
625;27;1199;1780
626;10;3201;5848
627;363;3636
628;461;2801;3161;3880;4852
629;64;695;3386;5357
630;465;3137;5823
631;482;1988
632;139;4472;5166
633;306;1442;2034
634;384
635;178;1075
636;40;2145
637;5;1516;3251;6218
638;0;768;947
639;203;2606
640;523
641;406;1902;5711
642;7
643;66;3983
644;5;805;2687;4738
645;15;1053;2344;4398;5458;5542
646;549;1223;1468;1481;1595;2772;3301;4001;4193;5649
647;187;829;1329;1480;1577;4019;5010;6114
648;464;902;932;980;1327;1900;2012;2719;3101;6242
649;384;881;1251;5073
650;81;941;1230
651;327;5588
652;52;1076;3808;5341;5382
653;67;769;1124;1161;1231;2700;5722
654;7;754;3964
655;79;871;990;1658;2131;2203;2251;2372;5660;5740;5820
656;15
657;122;998;1113;1145;2599;5003;5554
658;95;842;1895;5054
659;281
660;0;5189
661;555;2239
662;0;1219
663;256;1522;2765;2832;3109;3654;5155;5269;5453
664;218
665;520
666;39;1068
667;395;755;4582;5365
668;0;707;1047;1416;2460;3262;3853
669;20;1964
670;384;1063;4254;4659;6247
671;370;818;1192;1971;2274;2681;3140;3492;4567;4952
672;480;1102;3016;4069;5901
673;206
674;20;1601
675;170;731;914
676;374
677;0;2477
678;175;1974;2238;3624;4629;5355;5715
679;7;688;869;1352
680;183;816;1239;3096;4295;5093;5218
681;461;3236
682;484;3388
683;0;2409;3231;3869;4538
684;392;720;1275;1276;1753;1928;2041;4850;5036
685;609;1360
686;144;1740;1984;2072;3091;4556
687;321;1328;4307;5484
688;679
689;38
690;511;966;976;1712;5758
691;57
692;189
693;91;2068;2130;3195;4412
694;90;1171;1820;1881;3528
695;629;1035;3714;4968;5039;6158
696;342;1278
697;55
698;5
699;63;4601;4842;6139
700;99;796;999;2609
701;178
702;320;794;807;1525;2062;2432;2535;2538;2586;3107;3409;3923;4408;4525;4958;5239;5702
703;0;1016
704;84
705;609;2433;4981
706;421;763;4016;5298;5897
707;668;1691;2904;3086;3499;5720
708;74
709;90;1706;1893
710;7;1463;2520;3234
711;95;4251;4807
712;456;845;910;1189;6187
713;427;920;1241
714;78;2076;2293;2935;5285;5608
715;36;3482;3592;3792
716;553
717;0;4848
718;147;1080;1606;2302;2553;3151
719;174;2958;4553
720;684;2080;2442;2583;3218;3567;3710;4100
721;444;1682;2696
722;536;5077
723;277
724;301
725;29
726;4;3777;5319
727;63;1889;2447;2972;5535;6173
728;107;3882
729;11;3936
730;352;1505;1994;3006;4047;5602
731;675;3190;4078;5026;6143
732;16
733;15;1506;4349;4607;5976
734;27;2360;2710
735;46;2729
736;8;1384;2020;2060;5551
737;553;5512
738;157;2720;3526
739;497;4851;5212
740;27
741;364
742;359;2524
743;124;2819
744;88;3919
745;524;886;1792;2509;2518
746;190
747;464;2503
748;285
749;69;1536;2388;3121;4415
750;66;830;3854
751;228
752;49
753;5
754;654;1070;3660
755;667
756;62;820;2944;4700;5217
757;288
758;583;1607;4230
759;110
760;306;1372;1556;2113;2449
761;21;1847;4736
762;2;882;1613;1785;2288
763;706
764;256
765;218;5402
766;622;1817;6127
767;99;1242;1548;1709;2104;2901;3010;3367;4841;5541;5890;6032
768;638;2316;5865
769;653;868;6071
770;63
771;7;5331
772;128;1665;4056
773;2
774;262;2556
775;210;1637;2181;2517;5965
776;143
777;8
778;9
779;474
780;228;1296;6221
781;5
782;312;938;4864
783;583
784;8
785;403;2327;2508;3725;5022
786;3;1561;4257;4835;4893;5131;5629;6075
787;31
788;616;2234;2774;3219;5816
789;423
790;488;2571;3139;4345;6214
791;490;3705;5431;5470
792;384;1243;3961
793;141;877;4620
794;702;2414;3457
795;190;1624;1664;5105
796;700;950;3884
797;189
798;48;3798
799;148
800;88
801;196
802;338
803;24
804;203;909;1362;1532;4540;5281;5916
805;644;1608
806;190;2917
807;702;1175;2230
808;386;916;1856;2498;4377;4384;5396
809;349
810;432;1777;1981;2896;4750;5115;6104
811;222;5839
812;150
813;184;1484;1585;3754
814;542;4764
815;450;2787
816;680;1007;2126;2625;6029
817;338
818;671
819;34;1262;2758
820;756;1248
821;417;1924;2457;4881
822;99
823;256
824;248
825;165;1802;2798;4220;4512
826;182
827;467
828;342;1616
829;647;2525
830;750;995;2565;3448;4536
831;88;840;3852;5870
832;15;1931;1946;3542;4189;4299
833;210
834;1;3090;4261
835;110;1933;2555;3653
836;175
837;73;1839;2684;2689;2823;3147;4495;6153
838;0;3727
839;0
840;831;925;3505;4283
841;24;1497;1697;3063;4937
842;658;878;1454;2893;4565
843;476
844;10
845;712;2031;2350
846;478;2632
847;175;5852
848;545
849;529
850;3;1425
851;46
852;270
853;541;1046
854;90;955;2105;4103
855;570
856;27
857;440
858;0
859;164
860;525
861;31;1193
862;71;926;1830;2108;2116;2403;3487;4280;5566
863;311;1539
864;7
865;422;968;985;1269;2049;2200;2548;2771;4010;4469;5311;6181
866;7;4660
867;518;943;2070
868;769
869;679;1844;2667;3303;3336
870;127;1176;1250;1293
871;655
872;262
873;87
874;17;1381;5179
875;250
876;210;2999
877;793;2640;3833
878;842
879;29;1164
880;560;3575
881;649
882;762
883;7;1190
884;0
885;6;1744
886;745
887;0
888;15;2491;4664;6077
889;15;1702;3977;4188
890;309
891;25;1474;1491;3008;4206;4574;5876;5978
892;186
893;48;912;2227;3830
894;524
895;373;2402
896;151
897;254;5900
898;397;1238;2780
899;500
900;23;1037;3765
901;174
902;648
903;192
904;46;1916;2299;2494;2653;3576;4641;5268;5317
905;500;1713;2624
906;375;2248;5607
907;0;1115
908;102;1355;1912;2839;3713;3717
909;804;3945
910;712;1560;3373;3412;3926
911;516
912;893
913;167;2757;2988;4899
914;675;2987
915;609;1119
916;808;4918
917;298
918;360;1120;1303;5526
919;392
920;713;1106;1335;1963;3464;5953;6178
921;28;5006;5496
922;0;4484;4796;6103
923;41
924;15;1304
925;840;3659
926;862;3050
927;15
928;2;2114;2325;4554;6052
929;159;5277;6147
930;396;1995;2264
931;185;1191;1816;2176;2208;3586;4879
932;648
933;15;2794
934;160;1471;1880;3102;3179;3425;5220;5815
935;175;3806
936;407;1774
937;421;1206;2786;4503;5883;5997
938;782
939;34;4514
940;191;5611
941;650;3783
942;15
943;867
944;570;2185;3627;4028;4646
945;585;1756;2748;2919;3224
946;203
947;638;2863;3965;4621;4939;5999
948;241;1253
949;26;1750;2190;2546;2643;3085
950;796;1526;1700
951;311;1745;1936;2779;2886;3344;3471;3549
952;594;1033;1654;2220;2487;3960;4073;4774
953;149;960;2038;2430;3283;4014;5983
954;182;3865;4425
955;854;2135;2959;5576
956;3;1292;1704;1914;2513;4922;6167
957;285
958;357;3504;5126
959;243;1081;1724;2979;4888
960;953;2047;4271
961;12;1059
962;135
963;616;2481;5481;6062
964;349
965;481;1402;3106;5138;5557;5872;5920;6036
966;690
967;46
968;865;1246;1874
969;349
970;298;2813
971;7
972;90;5286
973;10;1073;6051
974;182
975;63
976;690
977;40
978;168
979;236
980;648
981;217
982;168
983;459
984;33
985;865;2489;3164
986;397
987;368;2633
988;288;1464
989;618;1271
990;655;5419
991;379
992;206;2843;2878;3850;5831
993;138;1319;3866;4139;6005
994;96;2009;2943;4396
995;830
996;6;1380;3839;5860
997;604;1972
998;657;1082;1234;2182;2207;3157;3171;5451
999;700
1000;309
1001;0
1002;84;1041
1003;0;2159;3197
1004;27;1681;1941;2469;3268
1005;189
1006;23;2938;5423;5796
1007;816;2007
1008;403;2323
1009;189;1643
1010;297;1014
1011;491;5639
1012;78;3938;5158
1013;174;5508
1014;1010;2247;2365;5207;6056
1015;20;1554;2328;4455;5324;6006
1016;703;4235
1017;496;1049
1018;24;1674;2574;4869;5703
1019;75
1020;189;3029;6141
1021;138;1629
1022;619;3254;3678;4066;5797
1023;36
1024;199
1025;24;1142
1026;391
1027;168;2483;4529;4716;4769
1028;141
1029;15;2311
1030;461;3651
1031;593;4054;5511;5659
1032;71;1899
1033;952
1034;11
1035;695;1666
1036;189;3426;3591
1037;900;4903
1038;354;5493
1039;7;2128;5460
1040;5;2805;4205
1041;1002;1598;3349
1042;7
1043;214;2526
1044;10;2300;4231
1045;214
1046;853
1047;668
1048;198
1049;1017
1050;69;3205
1051;24;1376;1763;5495
1052;427
1053;645
1054;5
1055;97
1056;27;3837;5668
1057;269;3007;5652
1058;373;1312;2263
1059;961
1060;2
1061;218
1062;15;1156;1309;5991
1063;670;1498;3814;5090;5121
1064;519
1065;36;2685;2995
1066;286;2711;3496;3599
1067;14;2001
1068;666;1265;4190;4522
1069;123;3187
1070;754;2383;4164;4191
1071;23;2178;2197;2235;2320;4126
1072;67;3733
1073;973
1074;170;2527
1075;635;1326;3037
1076;652;3074
1077;128;2204
1078;3;2357;3498;3581
1079;35;2646
1080;718;1530
1081;959
1082;998
1083;175;4488
1084;15;1093
1085;9;1180;4009
1086;225;1314;1512;2143;2184;3117
1087;50;1571;2849;3261;4092
1088;153;5047
1089;276;3559;4127
1090;199;2669
1091;23
1092;262
1093;1084;1569
1094;22
1095;253;3554
1096;87
1097;203
1098;40;3055
1099;16
1100;318;1819
1101;91
1102;672
1103;89;1168;4527
1104;406;1976;2256;2415;3173
1105;520
1106;920
1107;46
1108;214;3603
1109;108;5977
1110;0;4115
1111;207;3396;6118
1112;151
1113;657
1114;8;4200
1115;907
1116;222;5613
1117;160;1379;1544;4759;5648
1118;15;3766;4436
1119;915
1120;918
1121;545;6000
1122;5;5688
1123;132;5130
1124;653;2079
1125;507;3774
1126;421
1127;57;1446;2164;2615;3541
1128;507;1197;1325
1129;594
1130;152;3776
1131;46;1283;1414;1957;1993;4328;4626
1132;292;3270;3712
1133;536;3323
1134;619;2028
1135;583;1659;2889;3313;5441
1136;162;2307;3446;4861
1137;138
1138;63;1960;4470;4487;4673
1139;387
1140;7
1141;421;1170
1142;1025;4898
1143;142
1144;338
1145;657
1146;491;1727;4463
1147;553;3878;5049;5097
1148;313
1149;5;2480;5598
1150;497
1151;81;3661
1152;4;2807
1153;387;1365;1494;2747;6039;6240
1154;10
1155;0;1391
1156;1062;2122
1157;419;3341
1158;1
1159;46;4287
1160;609
1161;653
1162;396;4317
1163;148
1164;879;6070
1165;138;1568;3141
1166;5;1217;2837;3116;3357;4026;4318;5144
1167;50
1168;1103;3628;4120
1169;110
1170;1141
1171;694
1172;166
1173;55;1257;1415;1437;1496;2455;2659;2796;2905;5247;6015
1174;20;1809;2280;3345
1175;807
1176;870;3732
1177;36;1354;1563;2215;4249
1178;567
1179;15;2781;5380
1180;1085
1181;190
1182;104;2492;2738
1183;73
1184;373
1185;40
1186;44;5140;5477
1187;249;4868
1188;207
1189;712;1220
1190;883;5315
1191;931;3233;4323
1192;671
1193;861;1573;2954;4232
1194;27
1195;66
1196;274;3404;4623
1197;1128
1198;471;1450
1199;625;1272
1200;285
1201;444
1202;5;4079;4758;5183
1203;29
1204;256
1205;615
1206;937;3046;4052
1207;459;1339;6092
1208;0
1209;109;2005
1210;2;1837;2063;3709;4712;5023
1211;199;3259
1212;374
1213;97;4973;5346
1214;73;2867;4480;4537
1215;296;3213
1216;84
1217;1166
1218;545
1219;662;4589;5393
1220;1189;5103
1221;23;3886
1222;483;3284
1223;646;3633;5683
1224;138
1225;308;1343;2804;5841
1226;30
1227;254;1943;5578
1228;92
1229;387
1230;650;2411;2955;4671
1231;653;3440
1232;9;1310;2139;2468;4196;5638;5676
1233;185;1631;4015
1234;998;3246
1235;37;2022;2868;6065;6119
1236;179;2168;4087;5037
1237;573
1238;898;2006
1239;680;1942;1961
1240;7;1721
1241;713
1242;767;4354
1243;792;5984
1244;156;2874;4545
1245;46;1285;2446;4541;5434
1246;968;2660;3274
1247;501;2918;3255
1248;820
1249;63
1250;870
1251;649;1476;5762
1252;0
1253;948
1254;34
1255;15
1256;538
1257;1173;2875;3550;4479
1258;92
1259;235
1260;387;2862
1261;296;1642;2785;3174;4661;5494
1262;819;1557;2120;2857;3352;4984;5923
1263;427
1264;15
1265;1068;3626;5390
1266;24;1324
1267;533
1268;99;3337
1269;865;2174;5633
1270;168;1903
1271;989;5925
1272;1199
1273;40;1935;2975;5229;5743
1274;451
1275;684
1276;684
1277;432;1321;5780
1278;696;1559;1958;2035
1279;89;2792;3089
1280;421
1281;449;1331;2067
1282;99;5617
1283;1131
1284;15;4060
1285;1245
1286;17;4401
1287;529
1288;218;5592
1289;459;2989
1290;235;2890;3962;5163
1291;407;1733;4097;4896
1292;956
1293;870;1399
1294;141
1295;56;3658
1296;780
1297;52;2382;3681
1298;538
1299;384
1300;71;1373;1784;3755;3921;4873;5631
1301;427
1302;38
1303;918
1304;924
1305;141;2061
1306;215;2162
1307;87
1308;69
1309;1062
1310;1232;5880
1311;0;1407;6113
1312;1058
1313;384
1314;1086
1315;0
1316;553;5917
1317;41;3105;3346
1318;384;2641;2838;3828;4669;5068
1319;993;2330;5008
1320;456
1321;1277
1322;2;1453;1766
1323;15;1778;5334
1324;1266;1731
1325;1128;2366;4931;6232
1326;1075
1327;648
1328;687;3064
1329;647
1330;2
1331;1281
1332;453;5167;5345
1333;109;1482
1334;11
1335;920;2071;2651;5203
1336;16;5626
1337;56
1338;461;3220;3820;5642
1339;1207;4238
1340;338
1341;7;2167;3142
1342;141;2219;2419;2428;4104
1343;1225;2253;3667
1344;8;5098
1345;104;1929;2370;3980;5616
1346;4
1347;262
1348;34;1412
1349;146;4391
1350;324;4654
1351;34
1352;679
1353;400;1405
1354;1177
1355;908
1356;125;6206
1357;4
1358;421
1359;7;3183
1360;685;1950;2769
1361;8
1362;804;1689;6111
1363;0;2947
1364;280;2431;3956;5099
1365;1153
1366;149;2549
1367;4;3726;5580
1368;16;1418
1369;11;2563;2884;4609;5201
1370;5;3165
1371;138;5718
1372;760;1410
1373;1300;5945
1374;429;1623;1669;1859
1375;619
1376;1051
1377;243;3320
1378;7
1379;1117
1380;996
1381;874
1382;90
1383;424;1417
1384;736;1758;1872;2550
1385;476
1386;470;2118;3702
1387;387
1388;63;1540;2966
1389;88;3321
1390;459;4424
1391;1155
1392;490;2112;5018
1393;79
1394;92;1634;2852;3403;5783
1395;349;2091
1396;15
1397;427;1545
1398;39
1399;1293;1764;1875;2301;2437;2816
1400;125
1401;435;3216;3692;6030
1402;965;2169
1403;271;4570;5579;5811
1404;198;5171
1405;1353
1406;592;3376;3675;4197;6012
1407;1311;2827;4163
1408;218
1409;511
1410;1372
1411;403
1412;1348
1413;27
1414;1131;1822;2751
1415;1173;1452;3824
1416;668
1417;1383
1418;1368;3238;3594;3605
1419;3;5698
1420;385;2099;2225
1421;179;2078;6009
1422;227
1423;399;1457;3402
1424;113;4297;5135
1425;850
1426;74;1687;2951;3474
1427;611;4930
1428;124
1429;5
1430;342
1431;549
1432;141;4313
1433;24
1434;285;4033;5935
1435;514;1611;1651;1776;2059
1436;375;2850;5372
1437;1173
1438;254
1439;324
1440;470;2750;3749
1441;55;4338
1442;633;3841
1443;117
1444;29;1997;2957
1445;387;4162
1446;1127
1447;23
1448;342
1449;497;2376;2766
1450;1198;2482;3891;5531
1451;0;5679
1452;1415
1453;1322
1454;842;1730;2146
1455;350;3123
1456;376;4182;5041
1457;1423;5665
1458;196;1904
1459;597
1460;20;1871
1461;40
1462;16
1463;710
1464;988
1465;338;4714;5730
1466;463;6001
1467;338
1468;646
1469;113
1470;520
1471;934;1622;3422;4845;5002
1472;483;2968;3437
1473;90
1474;891
1475;0;1523;3511
1476;1251;2289;2471;2953;3052;4444;5798
1477;270
1478;12
1479;27
1480;647;1883
1481;646;2422;4616
1482;1333
1483;155;1504;3462
1484;813
1485;27;4219
1486;5
1487;355;3083;3668
1488;101
1489;236
1490;492;1521;6142
1491;891;2192;6186
1492;92;2723
1493;236;1909;2109
1494;1153;2040;2530;3335;5582
1495;56
1496;1173;1645
1497;841
1498;1063;1846;4823;4961
1499;483
1500;318;2652;5452
1501;130;1646
1502;186;2270;5289
1503;312
1504;1483;1970
1505;730
1506;733;2900
1507;197
1508;374
1509;14
1510;47;2990
1511;406;2216;2385;3780;4910;5843
1512;1086
1513;52
1514;149
1515;52
1516;637;4264;4752
1517;277
1518;5;1980
1519;448
1520;304
1521;1490;2336
1522;663;4332
1523;1475;1529;3372;5052;5152;5420;6068
1524;417
1525;702
1526;950
1527;222;4530
1528;5;2050
1529;1523;2806
1530;1080;1565;1800;1913
1531;7;1574
1532;804
1533;156
1534;5;2861;4662
1535;598
1536;749
1537;189
1538;7;5016
1539;863;5644
1540;1388
1541;483;1603
1542;387;3885
1543;57;1796;5438
1544;1117
1545;1397;3206
1546;14
1547;27;1714;2712;6116
1548;767;5262
1549;174;2392
1550;36;1799;5062
1551;52;4550
1552;108
1553;360;3758
1554;1015
1555;170
1556;760;2592;2773
1557;1262;1588;1633;1657;1879;2313;2718
1558;257;2023
1559;1278;2144;4063;5185;5670;5742
1560;910
1561;786;1853;2473;5653
1562;277
1563;1177;3672;4165;5914
1564;450
1565;1530
1566;269
1567;300;2657
1568;1165
1569;1093;3892
1570;130
1571;1087;2405;2708;2789;3677;6028;6134
1572;73;1761
1573;1193;3168;3302;3379;5156
1574;1531
1575;553;5116
1576;108
1577;647
1578;89
1579;237;3185;3432;4383
1580;108
1581;26;3444;5597
1582;57;1647
1583;338;1973
1584;318
1585;813;1718;2408;4270;5170;5618;5834
1586;15
1587;237
1588;1557;4045
1589;523
1590;160
1591;36
1592;40
1593;184
1594;7;6146
1595;646;4068;5249;5565;6248
1596;73
1597;116;3477;3728
1598;1041
1599;11
1600;158
1601;674;4722;5245
1602;75;2150;3078;3611;3745
1603;1541
1604;185
1605;128;4086
1606;718;2885
1607;758
1608;805;3054
1609;0;2578;3655
1610;354;1982;3461;3551;3704
1611;1435;1813;2281;2644;3616;4875;6016;6129
1612;170
1613;762
1614;37;2052;2424;4013;5102
1615;0
1616;828
1617;11
1618;421
1619;579
1620;139
1621;206
1622;1471;4204
1623;1374;4645
1624;795;3598
1625;371;2115;2835
1626;33
1627;595;2585;2860;3230;3940
1628;11
1629;1021;2127;2195;2427;4339;4860
1630;30
1631;1233;5223
1632;349;2726
1633;1557
1634;1394
1635;90;3242
1636;5;3263
1637;775
1638;374
1639;5;2277
1640;122
1641;15
1642;1261;2371;3683;5292
1643;1009
1644;10
1645;1496
1646;1501
1647;1582;2754;3286
1648;5
1649;174
1650;453;2136;4137;5417
1651;1435
1652;524;3172
1653;446
1654;952;4518
1655;17
1656;399
1657;1557;1857;4080;4653
1658;655
1659;1135;2017;2097;4022;5728
1660;262;1848;5847
1661;304
1662;280
1663;389
1664;795
1665;772;4962;5486
1666;1035;2717;3573;4004
1667;453;2194;2914;4816;4976
1668;75
1669;1374;4088;4203;5333
1670;218
1671;399
1672;41;3249;3724
1673;243
1674;1018;2095;5243
1675;182;2002;5658;5672
1676;128
1677;4
1678;521;2226
1679;507
1680;461;3408;3469;3958
1681;1004;2030;2148;5921
1682;721
1683;191;2982;4929
1684;196;6162
1685;390
1686;0
1687;1426;2559;3860;4169
1688;211
1689;1362
1690;10
1691;707
1692;254
1693;78
1694;545
1695;403
1696;27
1697;841
1698;4
1699;15
1700;950;4606;5271
1701;57;2404;2930;4216
1702;889
1703;58
1704;956;2454
1705;2;1729;5177;5746;5940
1706;709
1707;212;5288
1708;172;4048
1709;767
1710;206
1711;39;2209;3031;3314
1712;690;5527
1713;905;1979
1714;1547
1715;262
1716;27
1717;41;5409
1718;1585;5591
1719;409;3339
1720;553
1721;1240;2664;3051;4902
1722;128
1723;339
1724;959;1831
1725;23
1726;80
1727;1146
1728;615
1729;1705
1730;1454;5385
1731;1324
1732;55;4330;4379
1733;1291;4138
1734;8;4171
1735;122
1736;125;2760
1737;442;1788;1894;4390
1738;11
1739;240;2661;2924;3904
1740;686
1741;2;3639;4343;4708;5001;5295;5469;5584;5727;6054;6164
1742;99
1743;600
1744;885;2380;6110
1745;951
1746;387;3118
1747;269
1748;0;2970;3019
1749;39
1750;949
1751;205
1752;545
1753;684
1754;450;2232;2576;3310;4208;4221;5861
1755;135;2926;3188
1756;945
1757;204
1758;1384
1759;2;3076
1760;27;3073
1761;1572;3720;4959;5413
1762;197
1763;1051
1764;1399;2630;4148;5232
1765;90
1766;1322
1767;125;5778
1768;583;2213;4788
1769;622
1770;2
1771;5
1772;30;4342
1773;204;2626;3859;4689;4760;6008
1774;936;2464;4062;4642;5117;5522;5641
1775;545
1776;1435
1777;810;3266
1778;1323
1779;423;2731
1780;625;2374
1781;90
1782;472
1783;91;5450
1784;1300;4790
1785;762;2907
1786;399
1787;461
1788;1737;2672
1789;4
1790;373
1791;280;2152;4820;4821;5867
1792;745
1793;63;5436
1794;205;2398;4286;5627;5682
1795;339;4151
1796;1543
1797;538
1798;247;5300
1799;1550
1800;1530;3144;4806
1801;387;2014
1802;825
1803;262;1814;2933
1804;465
1805;9
1806;327;2088;2892;3065;4042
1807;226
1808;36
1809;1174
1810;139;2871;5498
1811;387;2025;3512;4248
1812;15;5757
1813;1611;1898;2920;5069;5752
1814;1803
1815;75
1816;931;3557
1817;766
1818;203
1819;1100
1820;694;5583
1821;15;3750;4477
1822;1414;1868;2505;3589
1823;214
1824;37;2504;2515;4731
1825;14;6122
1826;324
1827;0
1828;90
1829;40
1830;862;2218;3588
1831;1724
1832;555;4156
1833;125
1834;4;2800;4969
1835;417;2317;2691;2701;2784;3801;4255
1836;76
1837;1210;2831
1838;34
1839;837
1840;182
1841;4;4324
1842;243;5314;5503
1843;303;2386;4362
1844;869;2495;5395
1845;168;2466;5776
1846;1498
1847;761
1848;1660;2286
1849;114
1850;434;2560
1851;40
1852;22
1853;1561
1854;128
1855;52;2607
1856;808;4904
1857;1657
1858;34
1859;1374
1860;333
1861;189
1862;81
1863;22
1864;5;6179
1865;542
1866;90;4908
1867;56
1868;1822;2662;5473
1869;107;2534;4367
1870;29;2026;3363;5307
1871;1460;5558
1872;1384
1873;427
1874;968
1875;1399;2134
1876;249;5048
1877;374
1878;520;2339;2543
1879;1557
1880;934
1881;694
1882;52
1883;1480;2910
1884;16;2273
1885;23
1886;90
1887;211
1888;396
1889;727;5060
1890;5;1891
1891;1890;3972
1892;450
1893;709;3325
1894;1737;3127;3485;4542
1895;658;4309;4766
1896;146;5505
1897;114;3825;4153
1898;1813;4828
1899;1032;3342;5465
1900;648;2596
1901;125
1902;641
1903;1270
1904;1458
1905;243
1906;298;2326
1907;373;5078;5603
1908;570
1909;1493;3701
1910;599
1911;230
1912;908
1913;1530;2485
1914;956;3992;4914
1915;0;1999;2373;2448;2941;3196;4575;4579
1916;904;4947
1917;403;4763
1918;27;1934
1919;152
1920;0
1921;74
1922;7
1923;584
1924;821;3773
1925;42;3680;4706;4826
1926;74
1927;349;3079;4298
1928;684;5837
1929;1345
1930;189
1931;832
1932;191;4027
1933;835;3747
1934;1918
1935;1273;4999
1936;951
1937;73
1938;58
1939;190
1940;594
1941;1004
1942;1239;3239
1943;1227
1944;104;2670
1945;78;3340
1946;832;6055
1947;583;5012;5137;5990
1948;596;3401
1949;277
1950;1360;2055;2528;4184
1951;33;2761;3135
1952;223;2822;3267;5539
1953;106;4224
1954;1
1955;167
1956;63
1957;1131;2191;3734
1958;1278
1959;190;2589;3618
1960;1138
1961;1239
1962;390
1963;920
1964;669;2547;4130;4352
1965;523;2895
1966;109
1967;104
1968;295
1969;77;2089;3374;3741;4150;4403
1970;1504
1971;671
1972;997
1973;1583
1974;678
1975;360;4370;4692
1976;1104
1977;29;2500;3664;6228
1978;511
1979;1713;2702;5562
1980;1518;5599
1981;810;2467;3746;4185
1982;1610;6138
1983;405
1984;686;3719
1985;114
1986;5
1987;218
1988;631;4475;6125
1989;461
1990;15
1991;237;2377;4624
1992;37;4099
1993;1131
1994;730;2749
1995;930
1996;27;2246;2682;6091
1997;1444
1998;8
1999;1915;5079
2000;249;2873;3539
2001;1067
2002;1675;3082;5200
2003;528
2004;39;5981
2005;1209
2006;1238
2007;1007;2043
2008;15;4422
2009;994
2010;92;3305
2011;207;2567;5154
2012;648;2412
2013;47;2714;6076
2014;1801;3155;6074
2015;497;2381;3800;4920;5110
2016;40;2100;4994;5301;5410;5681
2017;1659;4094
2018;15
2019;461;3442
2020;736;3125
2021;27
2022;1235;4445
2023;1558
2024;71
2025;1811
2026;1870
2027;541;5671
2028;1134
2029;203
2030;1681
2031;845
2032;66;4972
2033;0
2034;633
2035;1278
2036;2;3759
2037;569
2038;953;3045;5276
2039;593;2960;4741
2040;1494;3248
2041;684;5751
2042;4
2043;2007
2044;46
2045;399;2393
2046;15
2047;960
2048;31
2049;865
2050;1528
2051;185
2052;1614
2053;15;3068;5374
2054;168
2055;1950;2092
2056;29;4572
2057;84;2333;4610
2058;406
2059;1435;4485
2060;736;2153
2061;1305;3181;3204;3343;5433
2062;702
2063;1210
2064;90;2993;3143;4064;5765
2065;528
2066;37;3684
2067;1281
2068;693;2211;2537;6093
2069;327;4256
2070;867
2071;1335;2285;4268
2072;686
2073;321;3898
2074;182;2435;5516
2075;174
2076;714;2572;4005;4465
2077;41
2078;1421
2079;1124;3621;6086
2080;720
2081;389;4095
2082;46
2083;40;5259;6177
2084;48;2343;5284
2085;534;3207
2086;373
2087;271
2088;1806;2818
2089;1969;3124;3327;3610;3693
2090;15;2119;4083
2091;1395;4112
2092;2055
2093;197
2094;389;3902
2095;1674
2096;583
2097;1659
2098;519
2099;1420
2100;2016;6099
2101;243
2102;334
2103;53
2104;767
2105;854
2106;5;2991;5518
2107;511
2108;862;2573;3809;4090
2109;1493
2110;515
2111;429;3721;3848
2112;1392;4059;5087
2113;760
2114;928
2115;1625
2116;862
2117;555
2118;1386
2119;2090;2228
2120;1262
2121;617
2122;1156
2123;231;4768
2124;15;2337;3475;6019
2125;340
2126;816;3212;5377;5442
2127;1629
2128;1039
2129;71;2722;2803
2130;693
2131;655
2132;76
2133;318
2134;1875;4729
2135;955
2136;1650
2137;212
2138;621;6171
2139;1232
2140;209
2141;470
2142;7;2600
2143;1086;3038;3084;5067
2144;1559;3365;3694;4491
2145;636;2163;4799;6109
2146;1454
2147;338
2148;1681
2149;475
2150;1602
2151;167
2152;1791
2153;2060;3130;3640;3786
2154;11
2155;0
2156;448
2157;114
2158;548;2186;3093;3414;3447;3948;4897;5446;6225
2159;1003;2568;6080
2160;374;2940;3057;3815;4793
2161;573
2162;1306;4420;5074
2163;2145
2164;1127
2165;349
2166;130
2167;1341
2168;1236
2169;1402
2170;106;4239;5261;5871
2171;535
2172;73
2173;0;2945
2174;1269;2658;4341;5216;5807
2175;5
2176;931
2177;218
2178;1071
2179;214
2180;269
2181;775;2198
2182;998
2183;67;2894
2184;1086;3133;3456
2185;944;5941
2186;2158
2187;234;5803
2188;90;2512
2189;190;2829;2962
2190;949
2191;1957
2192;1491;4457
2193;174
2194;1667
2195;1629;5968
2196;184;4805
2197;1071
2198;2181;3641;4273;4724
2199;37
2200;865
2201;279
2202;37
2203;655;2354;2650;4697;5353
2204;1077
2205;128
2206;63
2207;998
2208;931;4993;5210;5287
2209;1711
2210;608
2211;2068;3781;5338
2212;394;3821;5046;6112
2213;1768
2214;73
2215;1177
2216;1511;2368
2217;594
2218;1830;5272;5667
2219;1342
2220;952;4979
2221;0
2222;206
2223;130
2224;391
2225;1420;2753;2782;2808;5449
2226;1678;5030
2227;893
2228;2119
2229;200;3298
2230;807
2231;529
2232;1754;5559
2233;5
2234;788
2235;1071
2236;73;3968;6140;6184
2237;256
2238;678;2946;4405
2239;661
2240;274;3911
2241;598;2746;4747
2242;182
2243;148
2244;104
2245;189
2246;1996;3186
2247;1014
2248;906
2249;0
2250;618
2251;655;4555
2252;5
2253;1343;5257
2254;99
2255;132;2916
2256;1104
2257;72;2584;2683
2258;3;5821
2259;306;5407
2260;204
2261;6;3407;5684
2262;218;4173
2263;1058
2264;930
2265;170;3043;4517
2266;5
2267;323;3764
2268;309
2269;51
2270;1502
2271;89;4699;6017
2272;151
2273;1884
2274;671
2275;27;3240;3277;4964;5303
2276;387
2277;1639
2278;226;4413
2279;40
2280;1174;5100
2281;1611
2282;37
2283;172
2284;324
2285;2071
2286;1848
2287;81
2288;762;4721
2289;1476
2290;542
2291;15
2292;135
2293;714
2294;7;4476
2295;419
2296;269;3568;5868
2297;139
2298;95
2299;904
2300;1044
2301;1399
2302;718
2303;318
2304;12
2305;0
2306;159
2307;1136
2308;560;3466;4159;5992
2309;163
2310;0
2311;1029;2797;3071;3463;6161
2312;57
2313;1557;2544
2314;168
2315;450
2316;768
2317;1835
2318;34
2319;44;4433
2320;1071;2610
2321;6;5741
2322;44
2323;1008;2834
2324;427
2325;928
2326;1906
2327;785
2328;1015
2329;507
2330;1319
2331;306
2332;16;2675;3697
2333;2057;4315;4394;5749;6126
2334;37
2335;54
2336;1521;4109;4215
2337;2124
2338;429
2339;1878
2340;211;3087;3119
2341;421;4179
2342;17
2343;2084;3145;4949;5656;6049;6144
2344;645
2345;97
2346;38;4562
2347;124;3768;5770
2348;88;2540
2349;39
2350;845;5168;6123
2351;491;5472
2352;0
2353;8
2354;2203
2355;5
2356;550;2980;3353
2357;1078
2358;229;5777
2359;262;3476
2360;734;6243
2361;39
2362;52
2363;446
2364;44;2445
2365;1014;5543
2366;1325
2367;373
2368;2216;6154
2369;27
2370;1345
2371;1642;3099
2372;655
2373;1915
2374;1780
2375;11;2461
2376;1449
2377;1991
2378;27
2379;366;5896
2380;1744
2381;2015;3538;4911;5709
2382;1297;5785
2383;1070
2384;467;3544
2385;1511;2614
2386;1843;2997
2387;596
2388;749
2389;54;2992
2390;318;4858
2391;16;3318;4084;4296
2392;1549;4977;5141
2393;2045
2394;0;4625;4677
2395;598;2996;3278;3937
2396;64
2397;214;2764;3061;3606
2398;1794
2399;4
2400;593;3565
2401;421;3012;3042;3817;4822
2402;895;4222
2403;862;2913
2404;1701;3855
2405;1571
2406;37
2407;304
2408;1585;6241
2409;683
2410;474
2411;1230;3791
2412;2012
2413;501
2414;794
2415;1104;2869
2416;482
2417;14
2418;518
2419;1342
2420;33;3691
2421;11;5127
2422;1481;2676;3941
2423;168
2424;1614
2425;309
2426;444
2427;1629;2443
2428;1342
2429;71
2430;953
2431;1364;4516;5242
2432;702
2433;705;6047
2434;17;3560;4007;4149;4304;5574;5792
2435;2074;3291
2436;23;5225
2437;1399;4474;5118;5318;5943
2438;152
2439;113
2440;5
2441;65;2776;3829;5964
2442;720;4030;5827
2443;2427
2444;214
2445;2364
2446;1245;3767
2447;727;3737
2448;1915;2673
2449;760;3451
2450;472;4382
2451;5
2452;102
2453;431
2454;1704
2455;1173;3454
2456;344;2557;4067;5305;5664
2457;821;5186
2458;168
2459;5;3214;4020
2460;668;2531;2602;2636;2814;2963
2461;2375;6188
2462;597
2463;104;4547;4817
2464;1774
2465;174
2466;1845
2467;1981
2468;1232
2469;1004;2880;6081
2470;15;3023;4333;6078
2471;1476
2472;617
2473;1561
2474;27
2475;60
2476;151;4789
2477;677
2478;290
2479;2
2480;1149
2481;963;2510;2707;5675
2482;1450
2483;1027;5035;5596
2484;390
2485;1913
2486;114;2639;2690;4207;4943;5376
2487;952;4779
2488;3
2489;985
2490;55
2491;888;4798
2492;1182;3863;4178;4573;6010
2493;39;3652
2494;904;6097
2495;1844;5970
2496;7;4863
2497;396;4755
2498;808;3957
2499;342
2500;1977;3906;4276
2501;57;3582;4576;5323
2502;114;3162;3985
2503;747
2504;1824
2505;1822
2506;0;3620;3634;4180
2507;341
2508;785
2509;745
2510;2481
2511;4
2512;2188;2616
2513;956
2514;50
2515;1824;2833;3163;4501;5169
2516;36;4709
2517;775;2588
2518;745
2519;36
2520;710
2521;599;3584
2522;511
2523;29;2872
2524;742;2693;2965;4715
2525;829
2526;1043
2527;1074;2923
2528;1950
2529;555
2530;1494
2531;2460
2532;99
2533;108;6101
2534;1869;2836;4854;4880;5160
2535;702
2536;180
2537;2068
2538;702
2539;387
2540;2348
2541;607
2542;125;3265;4319
2543;1878
2544;2313;3662;4290
2545;235
2546;949;5401
2547;1964
2548;865;5264
2549;1366;3933;4649
2550;1384;4325
2551;182
2552;4
2553;718
2554;617
2555;835;5280
2556;774
2557;2456
2558;389;4686
2559;1687
2560;1850;5685
2561;15
2562;342;3920;4368
2563;1369
2564;236;5182;5437
2565;830
2566;190
2567;2011
2568;2159;3280
2569;47
2570;619
2571;790;3405
2572;2076
2573;2108
2574;1018;4430
2575;199
2576;1754;2998
2577;20
2578;1609
2579;324
2580;27
2581;361
2582;501
2583;720
2584;2257
2585;1627
2586;702
2587;71
2588;2517
2589;1959
2590;15;4132
2591;128;3489
2592;1556
2593;0
2594;376
2595;110;3184;3929;5934;5947
2596;1900;3419;3858
2597;3
2598;477
2599;657
2600;2142
2601;175
2602;2460
2603;320;5043
2604;165;3296
2605;52
2606;639;3883
2607;1855
2608;545
2609;700
2610;2320;2739
2611;124;2952;4431
2612;214
2613;75
2614;2385;5547
2615;1127;4905
2616;2512
2617;0
2618;609;4202
2619;361
2620;387
2621;449
2622;570
2623;495;5351
2624;905
2625;816
2626;1773;4135
2627;16;3138;4622
2628;38
2629;165
2630;1764
2631;345
2632;846
2633;987;4944
2634;423
2635;56;4253
2636;2460
2637;56;6236
2638;518
2639;2486
2640;877
2641;1318
2642;40
2643;949
2644;1611
2645;624
2646;1079
2647;0;3494;3670
2648;24;4288
2649;349;3180
2650;2203
2651;1335
2652;1500
2653;904;3890
2654;36
2655;358;3493;3782;5162
2656;360
2657;1567;4101
2658;2174
2659;1173
2660;1246
2661;1739;3459
2662;1868;3908
2663;256;3630
2664;1721
2665;167
2666;33;3629
2667;869
2668;89
2669;1090
2670;1944;2755;5283
2671;575
2672;1788
2673;2448;3943
2674;210;3228;4655;5411
2675;2332
2676;2422
2677;381
2678;335
2679;354;3612
2680;189
2681;671
2682;1996
2683;2257
2684;837;5294;5594
2685;1065
2686;349;4214
2687;644;4987
2688;6
2689;837;3166;4174;4331
2690;2486
2691;1835;5020
2692;63
2693;2524
2694;596
2695;262;3013
2696;721;2740
2697;370;4783
2698;7
2699;427;2793
2700;653;4071
2701;1835;4075
2702;1979
2703;391
2704;497
2705;144;2811;3276;4303;4532
2706;22
2707;2481
2708;1571;5375
2709;209
2710;734
2711;1066;3645;3959
2712;1547
2713;4
2714;2013
2715;64
2716;545
2717;1666
2718;1557
2719;648;3366;3647;3969;5412
2720;738
2721;560
2722;2129;5949
2723;1492
2724;253;3035
2725;318
2726;1632
2727;197;5344
2728;167
2729;735
2730;103
2731;1779
2732;50;3520
2733;273
2734;385;4651
2735;23
2736;26
2737;177
2738;1182
2739;2610
2740;2696;2865
2741;0
2742;90;5817
2743;6;4772
2744;389
2745;22;3979;4519
2746;2241;4705
2747;1153
2748;945
2749;1994
2750;1440
2751;1414
2752;4;5129;5873
2753;2225;4183
2754;1647
2755;2670
2756;0;3241;4521;6087
2757;913
2758;819
2759;171
2760;1736
2761;1951
2762;29;5193
2763;0;2828;3851;4634;5569
2764;2397
2765;663
2766;1449
2767;215
2768;590
2769;1360;6200
2770;116
2771;865
2772;646
2773;1556;4631
2774;788;5474
2775;373
2776;2441
2777;15
2778;541
2779;951;3080;3779
2780;898
2781;1179;5902
2782;2225
2783;359;3799
2784;1835;4934
2785;1261;2985
2786;937
2787;815
2788;205
2789;1571
2790;106
2791;27
2792;1279
2793;2699
2794;933;3395
2795;223
2796;1173
2797;2311
2798;825
2799;63
2800;1834
2801;628;5500
2802;529;3947
2803;2129;4859
2804;1225
2805;1040;3753
2806;1529;4244
2807;1152
2808;2225;5955
2809;16;4528
2810;439
2811;2705
2812;621
2813;970;4593
2814;2460;3864
2815;8
2816;1399
2817;56
2818;2088;3846
2819;743
2820;364
2821;295;6020
2822;1952;4675
2823;837
2824;17;5958
2825;178
2826;156
2827;1407;3847
2828;2763;3609
2829;2189;4293;5391
2830;117
2831;1837;3744
2832;663
2833;2515
2834;2323
2835;1625
2836;2534
2837;1166
2838;1318
2839;908
2840;7;4991
2841;40;3615
2842;618;5825
2843;992
2844;572;5766
2845;570
2846;5
2847;306
2848;182
2849;1087
2850;1436
2851;214
2852;1394;5053
2853;0
2854;17;3922;5055
2855;55
2856;321
2857;1262;3189
2858;218
2859;15;5275
2860;1627
2861;1534;3676
2862;1260;3009
2863;947;3903
2864;387
2865;2740
2866;104
2867;1214
2868;1235
2869;2415
2870;37
2871;1810
2872;2523
2873;2000
2874;1244;5782
2875;1257;3322;4320
2876;520
2877;23;5480
2878;992;3625
2879;19
2880;2469
2881;7;5647
2882;406;3169
2883;189;3436;4803
2884;1369
2885;1606
2886;951
2887;141
2888;277
2889;1135;4867
2890;1290;3424
2891;551
2892;1806;3114
2893;842
2894;2183
2895;1965
2896;810;5705
2897;425
2898;399
2899;15
2900;1506;5918
2901;767
2902;0
2903;30;5549
2904;707;4306;5712;6169
2905;1173
2906;469
2907;1785
2908;237
2909;81
2910;1883
2911;104
2912;17
2913;2403
2914;1667;3648
2915;138;4003
2916;2255;3812;5122;5361;5888
2917;806
2918;1247;4034;5612
2919;945
2920;1813;2981;3392;5234;5650
2921;270;3708;5143;5966
2922;467
2923;2527;4725
2924;1739;4657
2925;279
2926;1755
2927;391
2928;46;4260
2929;132
2930;1701
2931;390
2932;244;3334;5007
2933;1803
2934;7
2935;714
2936;320
2937;48;4140;6249
2938;1006;3299
2939;184
2940;2160
2941;1915
2942;424;4515
2943;994
2944;756
2945;2173;3288
2946;2238
2947;1363
2948;15
2949;387
2950;189
2951;1426
2952;2611
2953;1476;3699;3707;5707
2954;1193
2955;1230;5430
2956;58
2957;1444
2958;719;4460;4647
2959;955;3637
2960;2039;4143
2961;234
2962;2189
2963;2460;5235
2964;116
2965;2524
2966;1388
2967;73
2968;1472
2969;15
2970;1748
2971;0
2972;727
2973;37
2974;149
2975;1273
2976;541
2977;65
2978;507
2979;959
2980;2356;3243
2981;2920;4906
2982;1683
2983;133
2984;167;3415
2985;2785
2986;79
2987;914
2988;913;4263
2989;1289
2990;1510;5485
2991;2106
2992;2389
2993;2064;4247
2994;619
2995;1065
2996;2395
2997;2386
2998;2576
2999;876
3000;40
3001;256
3002;0;3587;3867
3003;7;5853
3004;59;4885
3005;204
3006;730
3007;1057
3008;891;5753
3009;2862
3010;767
3011;0;3826;4011
3012;2401
3013;2695
3014;132
3015;15
3016;672
3017;74;5032;5359
3018;596
3019;1748
3020;34
3021;99
3022;250
3023;2470
3024;90
3025;527
3026;608
3027;463
3028;156
3029;1020;5426
3030;461
3031;1711;4698;5507
3032;113
3033;429
3034;63
3035;2724
3036;63
3037;1075;3739;4046
3038;2143
3039;5
3040;160
3041;7
3042;2401
3043;2265
3044;53;3775
3045;2038
3046;1206
3047;20
3048;9
3049;148
3050;926;3663
3051;1721
3052;1476
3053;444
3054;1608
3055;1098
3056;167
3057;2160
3058;8;5657
3059;421
3060;108
3061;2397;5810
3062;560
3063;841;4374
3064;1328
3065;1806
3066;15;5312
3067;109
3068;2053;6027
3069;62
3070;318
3071;2311
3072;5
3073;1760
3074;1076
3075;5
3076;1759
3077;1
3078;1602
3079;1927
3080;2779
3081;254
3082;2002
3083;1487
3084;2143
3085;949
3086;707
3087;2340;3428;3622;4393
3088;389
3089;1279;3751
3090;834
3091;686
3092;427
3093;2158;4168
3094;573
3095;0;5342
3096;680
3097;393
3098;20
3099;2371
3100;5
3101;648
3102;934
3103;214
3104;25
3105;1317;4462
3106;965
3107;702;4329;5091
3108;24
3109;663
3110;228
3111;5
3112;211
3113;27;5694
3114;2892
3115;63
3116;1166
3117;1086;4663
3118;1746
3119;2340
3120;66
3121;749
3122;125;5383;5640
3123;1455
3124;2089;4122
3125;2020;5859
3126;507
3127;1894
3128;63
3129;89;5213
3130;2153
3131;31
3132;214
3133;2184;3887;4275
3134;95;3260;3332;4037;4566
3135;1951
3136;240;4802
3137;630
3138;2627
3139;790
3140;671
3141;1165
3142;1341;3583;3585;4348;4592
3143;2064
3144;1800
3145;2343;3689;4533;5332
3146;419
3147;837;3838
3148;15
3149;276
3150;453
3151;718;3545
3152;338;3309;4310;4886;5250
3153;170
3154;104;4438
3155;2014
3156;37
3157;998;4997
3158;318;3360;5083
3159;19
3160;373;5219
3161;628
3162;2502
3163;2515;6106
3164;985
3165;1370
3166;2689
3167;336
3168;1573
3169;2882
3170;346
3171;998
3172;1652
3173;1104;3400
3174;1261;3225
3175;609
3176;81
3177;141
3178;520
3179;934
3180;2649
3181;2061
3182;372
3183;1359
3184;2595
3185;1579
3186;2246
3187;1069;4990;5501
3188;1755;4035
3189;2857
3190;731
3191;144
3192;583
3193;69;3221;4198
3194;27;5851
3195;693
3196;1915
3197;1003
3198;76
3199;401
3200;450
3201;626
3202;15
3203;460
3204;2061
3205;1050
3206;1545;5572
3207;2085
3208;20
3209;174;5444
3210;29
3211;582
3212;2126;3410;4775
3213;1215
3214;2459
3215;49;4082
3216;1401
3217;7
3218;720
3219;788;4832
3220;1338
3221;3193
3222;421;3607
3223;15
3224;945;3244
3225;3174
3226;130
3227;183
3228;2674
3229;125
3230;1627
3231;683
3232;4
3233;1191
3234;710;5818
3235;424
3236;681
3237;289;3501
3238;1418;3679;4849
3239;1942
3240;2275
3241;2756
3242;1635
3243;2980
3244;3224;4350
3245;87
3246;1234
3247;277;4695
3248;2040;3413
3249;1672
3250;222
3251;637
3252;318;3279;5673
3253;73;3888
3254;1022
3255;1247;3900
3256;69
3257;15;4950;5447
3258;179
3259;1211
3260;3134;4194
3261;1087
3262;668
3263;1636;3971
3264;367;5606
3265;2542
3266;1777;5101
3267;1952
3268;1004;4486
3269;4
3270;1132;3351;3989
3271;446
3272;214
3273;174
3274;1246
3275;23
3276;2705
3277;2275
3278;2395;5222;6090
3279;3252
3280;2568
3281;95
3282;332
3283;953
3284;1222
3285;363;5310
3286;1647
3287;68
3288;2945
3289;141
3290;330;6227
3291;2435
3292;71
3293;332
3294;15
3295;397
3296;2604
3297;0;4829
3298;2229
3299;2938
3300;27;5368
3301;646
3302;1573
3303;869
3304;174
3305;2010;4167
3306;37
3307;367;5661
3308;255
3309;3152;3995
3310;1754
3311;226;3326
3312;389
3313;1135;3450
3314;1711;4246
3315;249;5764
3316;285
3317;417
3318;2391;5789
3319;497
3320;1377;3816
3321;1389;3990;4773;4989
3322;2875
3323;1133
3324;235;3479;4133
3325;1893
3326;3311;4077
3327;2089
3328;30
3329;407
3330;0;4468
3331;248
3332;3134
3333;127
3334;2932
3335;1494
3336;869;4081;5296;5348
3337;1268
3338;502
3339;1719
3340;1945
3341;1157
3342;1899
3343;2061
3344;951;6050
3345;1174;5628;5714
3346;1317;3552
3347;384
3348;125
3349;1041
3350;218
3351;3270
3352;1262
3353;2356
3354;52
3355;33;5188
3356;146
3357;1166
3358;5
3359;363
3360;3158
3361;38
3362;15;5889
3363;1870
3364;34;3566
3365;2144
3366;2719
3367;767;3999
3368;167
3369;0;3380
3370;454
3371;66
3372;1523
3373;910
3374;1969;6136
3375;213;4152
3376;1406
3377;320
3378;421
3379;1573
3380;3369;6083
3381;490
3382;10
3383;277;4128
3384;597;4031;5812;5942;6148
3385;276
3386;629
3387;407
3388;682
3389;138
3390;0
3391;553
3392;2920
3393;470
3394;22;5246
3395;2794
3396;1111
3397;466
3398;0
3399;214;3510
3400;3173
3401;1948
3402;1423
3403;1394;5254
3404;1196
3405;2571
3406;7;6061
3407;2261
3408;1680
3409;702
3410;3212
3411;11
3412;910
3413;3248
3414;2158;4227
3415;2984
3416;327
3417;525
3418;253
3419;2596
3420;184
3421;75;3924;5392
3422;1471;4953
3423;399
3424;2890
3425;934
3426;1036
3427;23
3428;3087
3429;421;4124;5476
3430;51
3431;6
3432;1579
3433;579
3434;5
3435;5
3436;2883
3437;1472
3438;458
3439;560;5787
3440;1231
3441;507
3442;2019;3537
3443;52;5690
3444;1581;4053
3445;303
3446;1136;4578
3447;2158
3448;830;5510
3449;342
3450;3313
3451;2449;4596
3452;484
3453;312
3454;2455
3455;464
3456;2184;5909
3457;794
3458;349
3459;2661
3460;5
3461;1610;5905
3462;1483
3463;2311
3464;920;6057
3465;519
3466;2308;4569
3467;218
3468;212;3831
3469;1680
3470;74;3631
3471;951
3472;184
3473;284
3474;1426
3475;2124
3476;2359;3988
3477;1597
3478;14
3479;3324
3480;520
3481;507
3482;715
3483;523
3484;545;3802
3485;1894
3486;0;4160;5973
3487;862
3488;284;3685;4210;5005;5089
3489;2591
3490;37
3491;59
3492;671
3493;2655
3494;2647
3495;99
3496;1066
3497;186
3498;1078
3499;707
3500;523;5886
3501;3237
3502;106
3503;21;5911
3504;958
3505;840
3506;248
3507;453;3711;4176
3508;343
3509;8;4353
3510;3399
3511;1475
3512;1811
3513;214
3514;41;5388
3515;480
3516;342
3517;5
3518;199
3519;424
3520;2732
3521;24;5959
3522;444
3523;62
3524;189
3525;556;5172
3526;738;4924
3527;179
3528;694
3529;91
3530;429
3531;350;4452;5546
3532;173
3533;601;6172
3534;507
3535;269
3536;55
3537;3442
3538;2381;4719
3539;2000
3540;27;3807
3541;1127
3542;832
3543;78
3544;2384
3545;3151;5655;5708
3546;176
3547;215
3548;211
3549;951
3550;1257
3551;1610
3552;3346;3861
3553;15
3554;1095
3555;218
3556;214
3557;1816
3558;189
3559;1089
3560;2434;4940
3561;15
3562;421
3563;8;3674
3564;41
3565;2400
3566;3364;4281
3567;720
3568;2296
3569;596
3570;523
3571;600
3572;289
3573;1666
3574;141
3575;880
3576;904
3577;196;6088
3578;20
3579;403
3580;223;5106
3581;1078
3582;2501
3583;3142
3584;2521
3585;3142
3586;931
3587;3002
3588;1830
3589;1822
3590;27
3591;1036
3592;715;4941
3593;99
3594;1418;4825
3595;225
3596;74
3597;15
3598;1624
3599;1066
3600;76
3601;41
3602;275
3603;1108
3604;421;5693
3605;1418
3606;2397
3607;3222
3608;360
3609;2828
3610;2089;4446
3611;1602
3612;2679
3613;545
3614;33;6194
3615;2841
3616;1611;4524
3617;67
3618;1959
3619;392
3620;2506
3621;2079
3622;3087
3623;189;6157
3624;678
3625;2878
3626;1265
3627;944
3628;1168
3629;2666;4213;4599
3630;2663
3631;3470
3632;210
3633;1223
3634;2506
3635;168;4814;6160
3636;627
3637;2959;5704
3638;52
3639;1741
3640;2153;3881
3641;2198
3642;160;4584;5893
3643;104
3644;4;3649;4957
3645;2711
3646;63
3647;2719
3648;2914
3649;3644
3650;211
3651;1030
3652;2493
3653;835
3654;663;3738
3655;1609
3656;4
3657;84
3658;1295
3659;925
3660;754
3661;1151
3662;2544
3663;3050
3664;1977;4639
3665;37;3996
3666;81
3667;1343
3668;1487
3669;203
3670;2647;5240
3671;594;5066;5622
3672;1563
3673;354
3674;3563
3675;1406
3676;2861;5255
3677;1571
3678;1022
3679;3238
3680;1925
3681;1297
3682;384
3683;1642;3771
3684;2066;5082
3685;3488
3686;72
3687;622;4877;5713
3688;548
3689;3145
3690;151
3691;2420
3692;1401
3693;2089
3694;2144
3695;5;4356
3696;48
3697;2332
3698;20
3699;2953
3700;92
3701;1909
3702;1386
3703;394
3704;1610
3705;791;4096;4385
3706;144
3707;2953
3708;2921
3709;1210
3710;720;4956;6072
3711;3507
3712;1132
3713;908
3714;695;4696
3715;340
3716;90
3717;908
3718;318
3719;1984
3720;1761
3721;2111
3722;609
3723;289
3724;1672
3725;785
3726;1367;3986
3727;838
3728;1597
3729;170
3730;163
3731;20
3732;1176
3733;1072
3734;1957;4917
3735;104
3736;363
3737;2447;3874;5489;5686
3738;3654
3739;3037
3740;555
3741;1969
3742;118
3743;225
3744;2831
3745;1602
3746;1981
3747;1933;4181
3748;474
3749;1440
3750;1821
3751;3089;5791
3752;20
3753;2805
3754;813
3755;1300
3756;138
3757;20
3758;1553
3759;2036
3760;0;5462
3761;592
3762;249
3763;338
3764;2267
3765;900
3766;1118
3767;2446
3768;2347
3769;231
3770;15
3771;3683
3772;14
3773;1924;5745
3774;1125
3775;3044;5736
3776;1130
3777;726
3778;36
3779;2779
3780;1511
3781;2211
3782;2655
3783;941
3784;85
3785;567
3786;2153;4683
3787;338
3788;16
3789;594
3790;311
3791;2411
3792;715
3793;11
3794;7;5529
3795;277
3796;46
3797;0
3798;798
3799;2783
3800;2015
3801;1835
3802;3484
3803;174;4326
3804;363
3805;70;4938
3806;935
3807;3540
3808;652
3809;2108
3810;40
3811;95;5025
3812;2916
3813;524
3814;1063;5915
3815;2160
3816;3320
3817;2401
3818;7;3954;6223
3819;7;4242
3820;1338
3821;2212
3822;170;5814
3823;15
3824;1415;5737
3825;1897
3826;3011
3827;609
3828;1318
3829;2441
3830;893;4057;4557
3831;3468;4272
3832;95
3833;877
3834;246;4694;5306;5488;5885
3835;146
3836;0
3837;1056
3838;3147
3839;996
3840;9
3841;1442
3842;417
3843;89
3844;76;4707
3845;286;5406;5448
3846;2818;4074;5404;5822;5858
3847;2827
3848;2111
3849;288;4544
3850;992
3851;2763
3852;831
3853;668;3871;5206
3854;750
3855;2404;5111
3856;454
3857;523
3858;2596
3859;1773
3860;1687
3861;3552;5513
3862;40
3863;2492
3864;2814
3865;954
3866;993
3867;3002;4110
3868;262
3869;683
3870;273
3871;3853
3872;37
3873;0
3874;3737
3875;0
3876;289
3877;204
3878;1147
3879;90
3880;628
3881;3640
3882;728
3883;2606;5017;5564
3884;796
3885;1542
3886;1221
3887;3133
3888;3253
3889;175
3890;2653;4872
3891;1450
3892;1569
3893;463
3894;81
3895;90
3896;99
3897;56
3898;2073;4453
3899;460
3900;3255
3901;338
3902;2094
3903;2863;4314
3904;1739
3905;27;4638
3906;2500
3907;278
3908;2662
3909;20
3910;148;4614;4954
3911;2240
3912;0
3913;516;5497
3914;417
3915;145;4175
3916;441
3917;66;4559;4782;5360
3918;545
3919;744
3920;2562
3921;1300
3922;2854
3923;702
3924;3421
3925;338
3926;910;5701
3927;484;5015
3928;349
3929;2595;5175;5662;5813
3930;92
3931;257
3932;128
3933;2549
3934;99
3935;593;5725
3936;729
3937;2395
3938;1012
3939;384
3940;1627
3941;2422
3942;150
3943;2673
3944;530
3945;909
3946;39
3947;2802
3948;2158;5443
3949;67
3950;157
3951;189
3952;77
3953;86
3954;3818;4471
3955;0
3956;1364
3957;2498;4770;4776
3958;1680
3959;2711
3960;952
3961;792
3962;1290
3963;179
3964;654
3965;947
3966;573;5153
3967;525
3968;2236
3969;2719
3970;615
3971;3263;5537
3972;1891;5081
3973;63
3974;289;5192
3975;454
3976;211
3977;889;5425
3978;165;4311
3979;2745
3980;1345
3981;7
3982;142
3983;643
3984;8;5786
3985;2502
3986;3726
3987;36
3988;3476;4627;5755
3989;3270
3990;3321
3991;0
3992;1914
3993;52
3994;167;4742
3995;3309
3996;3665
3997;125
3998;17
3999;3367;4228
4000;48
4001;646;4983;5149;6234
4002;243
4003;2915
4004;1666
4005;2076
4006;289;5364
4007;2434
4008;406
4009;1085
4010;865
4011;3011
4012;81;5525
4013;1614
4014;953
4015;1233
4016;706
4017;237
4018;23
4019;647
4020;2459
4021;349
4022;1659
4023;615
4024;427
4025;22
4026;1166
4027;1932;4111
4028;944
4029;20
4030;2442
4031;3384;5042
4032;170
4033;1434
4034;2918;4478
4035;3188
4036;406
4037;3134
4038;89
4039;91;4548
4040;16;5270
4041;196;4369;4561;4827
4042;1806
4043;597;4543
4044;94
4045;1588
4046;3037;5124
4047;730
4048;1708
4049;166
4050;11
4051;430
4052;1206
4053;3444
4054;1031
4055;183
4056;772
4057;3830
4058;252
4059;2112
4060;1284;5061
4061;10
4062;1774
4063;1559
4064;2064
4065;14
4066;1022;4866
4067;2456
4068;1595
4069;672
4070;300;4765
4071;2700
4072;47
4073;952
4074;3846
4075;2701
4076;132
4077;3326
4078;731
4079;1202
4080;1657
4081;3336
4082;3215
4083;2090
4084;2391
4085;46
4086;1605
4087;1236;5063
4088;1669;5050
4089;24;4454
4090;2108
4091;150
4092;1087
4093;1
4094;2017
4095;2081
4096;3705
4097;1291
4098;34
4099;1992
4100;720;4701;4978
4101;2657
4102;85
4103;854
4104;1342
4105;174;5756
4106;333
4107;190
4108;214
4109;2336
4110;3867
4111;4027
4112;2091
4113;29
4114;0
4115;1110;4435
4116;427;4587
4117;27
4118;177
4119;450
4120;1168
4121;121
4122;3124
4123;116
4124;3429
4125;222
4126;1071
4127;1089
4128;3383
4129;609
4130;1964
4131;0
4132;2590
4133;3324
4134;188
4135;2626
4136;182
4137;1650
4138;1733
4139;993
4140;2937
4141;243
4142;81
4143;2960
4144;238
4145;444
4146;109
4147;463
4148;1764;5347;5903
4149;2434
4150;1969;4429;4970
4151;1795
4152;3375
4153;1897
4154;262;4617
4155;39
4156;1832
4157;106
4158;254
4159;2308
4160;3486
4161;182;5490
4162;1445
4163;1407
4164;1070;5064
4165;1563
4166;399;4932
4167;3305
4168;3093
4169;1687
4170;214
4171;1734
4172;575
4173;2262
4174;2689
4175;3915
4176;3507
4177;139
4178;2492
4179;2341
4180;2506
4181;3747
4182;1456
4183;2753
4184;1950
4185;1981
4186;135
4187;95
4188;889
4189;832
4190;1068
4191;1070
4192;170
4193;646
4194;3260
4195;145
4196;1232
4197;1406;4791
4198;3193
4199;617
4200;1114
4201;430
4202;2618
4203;1669;4507
4204;1622
4205;1040
4206;891
4207;2486
4208;1754;5763
4209;507
4210;3488
4211;335;5651
4212;575
4213;3629
4214;2686
4215;2336;4874
4216;1701;5881
4217;188
4218;146
4219;1485
4220;825;6163
4221;1754
4222;2402
4223;461;6231
4224;1953
4225;39
4226;114
4227;3414
4228;3999
4229;24
4230;758
4231;1044
4232;1193
4233;12
4234;46
4235;1016
4236;36
4237;550
4238;1339;4277;4409
4239;2170
4240;329
4241;437
4242;3819
4243;304
4244;2806
4245;79
4246;3314
4247;2993
4248;1811
4249;1177
4250;182
4251;711
4252;95;4386
4253;2635
4254;670
4255;1835
4256;2069
4257;786
4258;619
4259;525
4260;2928
4261;834
4262;130
4263;2988
4264;1516
4265;29
4266;218
4267;128
4268;2071
4269;406
4270;1585
4271;960
4272;3831
4273;2198
4274;349
4275;3133
4276;2500
4277;4238
4278;531
4279;109
4280;862
4281;3566;4618
4282;427
4283;840
4284;269
4285;5
4286;1794;5428
4287;1159
4288;2648
4289;15
4290;2544
4291;78
4292;427
4293;2829
4294;234
4295;680
4296;2391
4297;1424
4298;1927
4299;832;5405
4300;0;5211
4301;44;5031
4302;387;5340
4303;2705;4448
4304;2434
4305;35
4306;2904
4307;687
4308;20
4309;1895
4310;3152;4494;5165
4311;3978
4312;321
4313;1432
4314;3903;4355
4315;2333
4316;409
4317;1162;4340
4318;1166
4319;2542
4320;2875
4321;222
4322;507
4323;1191
4324;1841
4325;2550
4326;3803
4327;209
4328;1131
4329;3107
4330;1732
4331;2689
4332;1522
4333;2470;4421;5432
4334;406
4335;191
4336;427
4337;23
4338;1441;6133
4339;1629;5371
4340;4317
4341;2174
4342;1772
4343;1741
4344;15;5926
4345;790
4346;360
4347;11
4348;3142
4349;733
4350;3244
4351;583
4352;1964
4353;3509
4354;1242
4355;4314
4356;3695
4357;11;5278
4358;15
4359;226
4360;189
4361;456
4362;1843
4363;48
4364;349
4365;15;4876
4366;5
4367;1869
4368;2562;5846
4369;4041;5180
4370;1975
4371;77
4372;519;5754
4373;104
4374;3063
4375;417
4376;186
4377;808
4378;464
4379;1732
4380;432
4381;374
4382;2450
4383;1579;4667
4384;808
4385;3705
4386;4252
4387;171
4388;5
4389;360;6064
4390;1737
4391;1349
4392;41
4393;3087
4394;2333
4395;294
4396;994
4397;0
4398;645;5759
4399;370
4400;555
4401;1286
4402;26;4787
4403;1969
4404;300;5836
4405;2238
4406;5
4407;464
4408;702
4409;4238
4410;262
4411;10
4412;693
4413;2278
4414;347;4811;5326
4415;749
4416;256
4417;545
4418;579
4419;318
4420;2162
4421;4333;4912
4422;2008;5577
4423;71
4424;1390
4425;954;4975;5134
4426;592;4895
4427;389
4428;179
4429;4150
4430;2574
4431;2611
4432;167
4433;2319
4434;5
4435;4115
4436;1118
4437;11
4438;3154;4890
4439;519
4440;47;4878
4441;254
4442;0
4443;89
4444;1476
4445;2022;5161
4446;3610
4447;174
4448;4303;4995
4449;405
4450;41
4451;373
4452;3531
4453;3898
4454;4089
4455;1015
4456;421;5609
4457;2192
4458;446
4459;285
4460;2958
4461;22
4462;3105
4463;1146;4942
4464;10
4465;2076
4466;74
4467;86
4468;3330
4469;865
4470;1138
4471;3954
4472;632
4473;40
4474;2437
4475;1988
4476;2294
4477;1821
4478;4034;4604
4479;1257
4480;1214
4481;86;5108
4482;338
4483;184;5029
4484;922
4485;2059
4486;3268
4487;1138;5994
4488;1083
4489;370
4490;104;4630
4491;2144
4492;267
4493;0
4494;4310
4495;837
4496;0
4497;97
4498;290;5805
4499;562
4500;191
4501;2515
4502;125
4503;937
4504;5
4505;384
4506;406
4507;4203
4508;584
4509;542
4510;360;6079
4511;75
4512;825
4513;108;4748;4884
4514;939
4515;2942
4516;2431;5408
4517;2265
4518;1654
4519;2745
4520;50
4521;2756
4522;1068
4523;30
4524;3616
4525;702
4526;446
4527;1103
4528;2809
4529;1027
4530;1527;4605
4531;1
4532;2705
4533;3145
4534;40;5521
4535;49
4536;830
4537;1214
4538;683;5190;5533;5919
4539;15
4540;804
4541;1245
4542;1894
4543;4043
4544;3849;4713
4545;1244
4546;384
4547;2463
4548;4039;5145
4549;297
4550;1551
4551;34
4552;52;4795
4553;719;5159
4554;928
4555;2251;5534;5571
4556;686
4557;3830
4558;71
4559;3917;5731;5769
4560;2
4561;4041
4562;2346
4563;164
4564;128
4565;842
4566;3134
4567;671
4568;541
4569;3466;5381
4570;1403
4571;178
4572;2056
4573;2492
4574;891
4575;1915
4576;2501
4577;248
4578;3446
4579;1915
4580;20;4992
4581;23
4582;667
4583;4
4584;3642
4585;81
4586;388
4587;4116
4588;7
4589;1219
4590;6
4591;572
4592;3142
4593;2813
4594;382
4595;332;5320
4596;3451
4597;262
4598;243
4599;3629
4600;130
4601;699;6131
4602;174
4603;526
4604;4478
4605;4530
4606;1700
4607;733
4608;52
4609;1369;5040;5721
4610;2057
4611;36
4612;39
4613;595
4614;3910
4615;424
4616;1481
4617;4154
4618;4281
4619;141
4620;793;5908
4621;947
4622;2627
4623;1196
4624;1991
4625;2394;5142
4626;1131
4627;3988
4628;149
4629;678
4630;4490;5104
4631;2773
4632;187
4633;99
4634;2763
4635;83
4636;165;4744
4637;338
4638;3905;5692;6128
4639;3664
4640;223
4641;904;5308
4642;1774
4643;188
4644;306
4645;1623
4646;944
4647;2958;5732
4648;71
4649;2549
4650;170
4651;2734
4652;128
4653;1657
4654;1350
4655;2674
4656;596
4657;2924
4658;72
4659;670;4894
4660;866
4661;1261;5963;6120
4662;1534
4663;3117;6022
4664;888
4665;15
4666;249
4667;4383
4668;50
4669;1318
4670;167
4671;1230
4672;160;4688;5744
4673;1138
4674;125
4675;2822
4676;400;5514
4677;2394
4678;4
4679;312;5842
4680;498
4681;471
4682;387
4683;3786
4684;89
4685;34;4780
4686;2558
4687;370;5033
4688;4672
4689;1773
4690;0
4691;248
4692;1975
4693;460
4694;3834
4695;3247
4696;3714
4697;2203
4698;3031
4699;2271
4700;756
4701;4100
4702;76
4703;56
4704;523
4705;2746
4706;1925
4707;3844
4708;1741
4709;2516
4710;560
4711;197
4712;1210
4713;4544
4714;1465
4715;2524
4716;1027
4717;36
4718;15
4719;3538
4720;223
4721;2288
4722;1601
4723;11
4724;2198
4725;2923;5996
4726;474
4727;396
4728;338
4729;2134
4730;255
4731;1824
4732;39
4733;402
4734;13
4735;559;5038
4736;761;4761
4737;608
4738;644
4739;333
4740;74
4741;2039
4742;3994
4743;23
4744;4636
4745;174
4746;619
4747;2241
4748;4513
4749;109
4750;810
4751;78
4752;1516
4753;226;5482
4754;5
4755;2497
4756;24;4818
4757;609
4758;1202
4759;1117
4760;1773
4761;4736;6135
4762;104;5944
4763;1917
4764;814;4916
4765;4070
4766;1895
4767;0
4768;2123;5520
4769;1027
4770;3957;5088
4771;9
4772;2743
4773;3321
4774;952
4775;3212;5733
4776;3957
4777;594
4778;373
4779;2487
4780;4685
4781;284
4782;3917
4783;2697
4784;583
4785;125
4786;3;5929
4787;4402
4788;1768
4789;2476
4790;1784;5614
4791;4197
4792;37
4793;2160
4794;116
4795;4552
4796;922
4797;286
4798;2491
4799;2145
4800;41
4801;130
4802;3136
4803;2883
4804;80
4805;2196
4806;1800
4807;711
4808;81
4809;417
4810;4
4811;4414
4812;427
4813;3
4814;3635
4815;210;5072;5750;6197
4816;1667
4817;2463
4818;4756;4927;6067
4819;223;4892
4820;1791
4821;1791
4822;2401
4823;1498;5178
4824;7;6212
4825;3594
4826;1925
4827;4041
4828;1898
4829;3297
4830;104;5028
4831;199
4832;3219
4833;27
4834;56
4835;786
4836;16
4837;421
4838;256
4839;0
4840;1
4841;767;5478;5884
4842;699
4843;110
4844;2
4845;1471
4846;73
4847;55
4848;717
4849;3238
4850;684
4851;739
4852;628
4853;15;5418;5768;5962
4854;2534
4855;182
4856;0
4857;34
4858;2390
4859;2803
4860;1629;5980
4861;1136
4862;598
4863;2496
4864;782
4865;114
4866;4066;5487
4867;2889
4868;1187
4869;1018;5202
4870;520
4871;72
4872;3890
4873;1300;6195
4874;4215
4875;1611
4876;4365;4965
4877;3687
4878;4440
4879;931;4883
4880;2534
4881;821
4882;338
4883;4879
4884;4513;5669
4885;3004
4886;3152
4887;373
4888;959
4889;79
4890;4438
4891;320
4892;4819
4893;786;5468
4894;4659
4895;4426
4896;1291
4897;2158
4898;1142
4899;913
4900;253
4901;14
4902;1721;5604
4903;1037
4904;1856;5793;5933
4905;2615;5952
4906;2981
4907;185;5623
4908;1866
4909;609
4910;1511
4911;2381
4912;4421
4913;2
4914;1914
4915;5
4916;4764
4917;3734
4918;916
4919;116
4920;2015
4921;27
4922;956
4923;384
4924;3526;5221
4925;125
4926;63
4927;4818
4928;0
4929;1683
4930;1427
4931;1325
4932;4166
4933;7
4934;2784
4935;557
4936;8
4937;841
4938;3805
4939;947
4940;3560
4941;3592
4942;4463
4943;2486
4944;2633
4945;102
4946;55
4947;1916
4948;10;4966
4949;2343
4950;3257;5869
4951;195
4952;671
4953;3422
4954;3910
4955;444
4956;3710
4957;3644
4958;702
4959;1761
4960;27
4961;1498
4962;1665
4963;224
4964;2275
4965;4876;5151
4966;4948;5085
4967;511
4968;695
4969;1834;5011
4970;4150
4971;74
4972;2032
4973;1213;5517
4974;36;5013
4975;4425
4976;1667
4977;2392
4978;4100
4979;2220
4980;27
4981;705
4982;243
4983;4001;5021
4984;1262;5416
4985;86
4986;340
4987;2687
4988;344
4989;3321
4990;3187
4991;2840
4992;4580
4993;2208
4994;2016
4995;4448
4996;368
4997;3157
4998;0
4999;1935
5000;90
5001;1741
5002;1471
5003;657
5004;50
5005;3488
5006;921
5007;2932
5008;1319
5009;39
5010;647
5011;4969
5012;1947
5013;4974
5014;27
5015;3927
5016;1538
5017;3883
5018;1392;6149
5019;541
5020;2691
5021;4983
5022;785
5023;1210
5024;165;6159
5025;3811
5026;731;5113
5027;46
5028;4830
5029;4483
5030;2226
5031;4301
5032;3017
5033;4687
5034;368
5035;2483
5036;684
5037;1236
5038;4735;5076
5039;695
5040;4609
5041;1456
5042;4031
5043;2603
5044;15
5045;78
5046;2212
5047;1088
5048;1876
5049;1147;5974
5050;4088
5051;52
5052;1523
5053;2852
5054;658
5055;2854
5056;40;5561
5057;15
5058;15
5059;204
5060;1889
5061;4060;5120
5062;1550
5063;4087
5064;4164
5065;248
5066;3671
5067;2143
5068;1318
5069;1813
5070;47
5071;4
5072;4815
5073;649
5074;2162
5075;99
5076;5038
5077;722
5078;1907
5079;1999
5080;166
5081;3972
5082;3684
5083;3158
5084;218
5085;4966;5260
5086;66
5087;2112
5088;4770;5379
5089;3488
5090;1063
5091;3107
5092;0
5093;680
5094;182
5095;461
5096;349
5097;1147
5098;1344
5099;1364
5100;2280
5101;3266
5102;1614
5103;1220
5104;4630
5105;795
5106;3580;5788
5107;262
5108;4481
5109;11
5110;2015
5111;3855
5112;7
5113;5026
5114;21
5115;810
5116;1575
5117;1774
5118;2437
5119;15
5120;5061
5121;1063;5352
5122;2916
5123;0
5124;4046
5125;384
5126;958
5127;2421;5781
5128;429
5129;2752
5130;1123
5131;786
5132;39
5133;7
5134;4425
5135;1424;5339;5422
5136;15
5137;1947;5773
5138;965
5139;156
5140;1186
5141;2392
5142;4625
5143;2921
5144;1166
5145;4548
5146;113
5147;387
5148;29
5149;4001
5150;71
5151;4965
5152;1523
5153;3966
5154;2011
5155;663
5156;1573
5157;95;6043
5158;1012;5399
5159;4553
5160;2534
5161;4445
5162;2655
5163;1290
5164;15
5165;4310;5560
5166;632
5167;1332
5168;2350
5169;2515
5170;1585
5171;1404
5172;3525
5173;5
5174;360
5175;3929
5176;284
5177;1705
5178;4823
5179;874
5180;4369
5181;12
5182;2564
5183;1202
5184;117
5185;1559
5186;2457
5187;609
5188;3355
5189;660
5190;4538
5191;263
5192;3974;5424
5193;2762
5194;623
5195;376;5828
5196;40
5197;5
5198;374
5199;221
5200;2002
5201;1369
5202;4869
5203;1335
5204;584
5205;497
5206;3853
5207;1014
5208;269
5209;63
5210;2208
5211;4300
5212;739
5213;3129
5214;37
5215;353
5216;2174
5217;756
5218;680
5219;3160
5220;934
5221;4924
5222;3278
5223;1631
5224;276
5225;2436
5226;189
5227;364;6208
5228;40
5229;1273
5230;34
5231;41
5232;1764
5233;56;5253;5273
5234;2920
5235;2963
5236;338
5237;360
5238;408
5239;702
5240;3670;5663
5241;1
5242;2431
5243;1674
5244;22
5245;1601
5246;3394
5247;1173
5248;73
5249;1595
5250;3152
5251;116
5252;483
5253;5233
5254;3403
5255;3676
5256;622;5593
5257;2253
5258;0
5259;2083
5260;5085
5261;2170
5262;1548
5263;360
5264;2548
5265;320
5266;138
5267;25
5268;904;6209
5269;663
5270;4040
5271;1700
5272;2218;5456
5273;5233
5274;27
5275;2859
5276;2038
5277;929
5278;4357
5279;20
5280;2555
5281;804
5282;358
5283;2670
5284;2084
5285;714
5286;972
5287;2208
5288;1707
5289;1502
5290;514
5291;95
5292;1642
5293;41;5930
5294;2684
5295;1741;5862
5296;3336
5297;114
5298;706
5299;7
5300;1798
5301;2016
5302;90
5303;2275;5568
5304;0
5305;2456
5306;3834
5307;1870
5308;4641;5982
5309;342
5310;3285
5311;865
5312;3066
5313;424
5314;1842
5315;1190
5316;549
5317;904
5318;2437
5319;726
5320;4595
5321;86
5322;139
5323;2501
5324;1015
5325;547
5326;4414
5327;128
5328;454
5329;7
5330;4
5331;771
5332;3145
5333;1669
5334;1323;6084
5335;375
5336;8;5874
5337;373
5338;2211
5339;5135
5340;4302
5341;652;6089
5342;3095
5343;37
5344;2727
5345;1332;5540
5346;1213
5347;4148
5348;3336
5349;374
5350;609
5351;2623
5352;5121
5353;2203
5354;203
5355;678
5356;90
5357;629
5358;215
5359;3017
5360;3917
5361;2916
5362;71
5363;10
5364;4006
5365;667
5366;5;5619
5367;23
5368;3300
5369;52
5370;564
5371;4339
5372;1436
5373;523
5374;2053
5375;2708
5376;2486
5377;2126
5378;168
5379;5088
5380;1179
5381;4569
5382;652
5383;3122
5384;403;5806
5385;1730
5386;40
5387;11
5388;3514
5389;306
5390;1265
5391;2829
5392;3421;6105
5393;1219
5394;335
5395;1844
5396;808
5397;262
5398;14
5399;5158
5400;570
5401;2546
5402;765
5403;36
5404;3846
5405;4299
5406;3845
5407;2259
5408;4516;6069
5409;1717
5410;2016;6239
5411;2674
5412;2719
5413;1761
5414;444
5415;87
5416;4984
5417;1650
5418;4853
5419;990
5420;1523
5421;215
5422;5135
5423;1006
5424;5192
5425;3977
5426;3029
5427;63
5428;4286
5429;187
5430;2955
5431;791
5432;4333
5433;2061
5434;1245
5435;89
5436;1793
5437;2564
5438;1543
5439;15
5440;11
5441;1135
5442;2126
5443;3948
5444;3209
5445;160
5446;2158
5447;3257
5448;3845
5449;2225
5450;1783
5451;998
5452;1500
5453;663
5454;28
5455;1
5456;5272
5457;18
5458;645
5459;458
5460;1039
5461;106
5462;3760
5463;16
5464;79
5465;1899
5466;336
5467;182
5468;4893
5469;1741
5470;791
5471;15
5472;2351
5473;1868
5474;2774
5475;40
5476;3429
5477;1186
5478;4841
5479;409
5480;2877;5747
5481;963
5482;4753;5829
5483;36
5484;687;6245
5485;2990
5486;1665
5487;4866
5488;3834
5489;3737
5490;4161
5491;555
5492;2
5493;1038
5494;1261
5495;1051
5496;921
5497;3913
5498;1810
5499;406
5500;2801
5501;3187
5502;77
5503;1842
5504;389
5505;1896
5506;474
5507;3031
5508;1013
5509;15
5510;3448;5985
5511;1031
5512;737
5513;3861
5514;4676
5515;55
5516;2074
5517;4973
5518;2106
5519;223
5520;4768
5521;4534
5522;1774
5523;99
5524;34
5525;4012
5526;918
5527;1712
5528;467
5529;3794
5530;193
5531;1450
5532;74
5533;4538
5534;4555
5535;727
5536;278
5537;3971
5538;87
5539;1952
5540;5345
5541;767
5542;645;6121
5543;2365
5544;511
5545;215
5546;3531
5547;2614
5548;39
5549;2903
5550;166
5551;736;5927
5552;67
5553;0
5554;657
5555;177
5556;40
5557;965
5558;1871
5559;2232
5560;5165
5561;5056
5562;1979
5563;236
5564;3883
5565;1595
5566;862
5567;5
5568;5303
5569;2763
5570;375
5571;4555
5572;3206
5573;283
5574;2434
5575;500
5576;955
5577;4422
5578;1227
5579;1403
5580;1367;5875
5581;33
5582;1494
5583;1820
5584;1741
5585;507
5586;36
5587;87
5588;651
5589;291
5590;135;6011
5591;1718
5592;1288
5593;5256
5594;2684
5595;340
5596;2483
5597;1581
5598;1149
5599;1980
5600;59
5601;380
5602;730
5603;1907
5604;4902
5605;51
5606;3264
5607;906
5608;714
5609;4456
5610;269
5611;940
5612;2918
5613;1116
5614;4790
5615;218
5616;1345
5617;1282
5618;1585
5619;5366
5620;249
5621;199
5622;3671
5623;4907;5866
5624;318;5779
5625;271
5626;1336
5627;1794
5628;3345
5629;786
5630;594
5631;1300
5632;269
5633;1269
5634;272
5635;179
5636;4
5637;67
5638;1232
5639;1011
5640;3122
5641;1774
5642;1338
5643;73
5644;1539
5645;373
5646;0
5647;2881
5648;1117
5649;646
5650;2920
5651;4211
5652;1057
5653;1561
5654;126
5655;3545
5656;2343
5657;3058
5658;1675
5659;1031
5660;655
5661;3307
5662;3929
5663;5240
5664;2456
5665;1457
5666;16
5667;2218
5668;1056
5669;4884
5670;1559
5671;2027
5672;1675
5673;3252
5674;27;6002
5675;2481
5676;1232;6042
5677;355
5678;2
5679;1451;5967
5680;179
5681;2016
5682;1794
5683;1223
5684;2261
5685;2560;5790
5686;3737
5687;214
5688;1122
5689;342
5690;3443
5691;73
5692;4638
5693;3604
5694;3113
5695;90
5696;11
5697;256
5698;1419
5699;294
5700;315
5701;3926
5702;702
5703;1018
5704;3637
5705;2896
5706;318
5707;2953
5708;3545
5709;2381
5710;27
5711;641
5712;2904
5713;3687
5714;3345
5715;678
5716;444
5717;40
5718;1371
5719;89
5720;707
5721;4609;5989
5722;653
5723;330
5724;553
5725;3935
5726;393
5727;1741
5728;1659
5729;157
5730;1465
5731;4559
5732;4647
5733;4775
5734;2;6193
5735;63
5736;3775
5737;3824;5739
5738;23
5739;5737
5740;655
5741;2321
5742;1559
5743;1273;5957;6238
5744;4672
5745;3773;5840
5746;1705
5747;5480
5748;300
5749;2333
5750;4815
5751;2041
5752;1813
5753;3008
5754;4372
5755;3988
5756;4105
5757;1812
5758;690
5759;4398
5760;0
5761;37
5762;1251
5763;4208
5764;3315
5765;2064
5766;2844
5767;37
5768;4853
5769;4559
5770;2347
5771;7
5772;145
5773;5137
5774;16
5775;421
5776;1845
5777;2358
5778;1767
5779;5624
5780;1277
5781;5127
5782;2874
5783;1394
5784;338
5785;2382
5786;3984
5787;3439
5788;5106
5789;3318
5790;5685
5791;3751;5838
5792;2434
5793;4904;5950
5794;421
5795;569
5796;1006
5797;1022
5798;1476
5799;264
5800;91
5801;197
5802;542
5803;2187
5804;27
5805;4498
5806;5384
5807;2174
5808;97
5809;106
5810;3061
5811;1403
5812;3384
5813;3929
5814;3822
5815;934
5816;788
5817;2742
5818;3234
5819;222
5820;655
5821;2258
5822;3846
5823;630
5824;544
5825;2842
5826;11
5827;2442
5828;5195
5829;5482
5830;371
5831;992
5832;15
5833;4
5834;1585
5835;151
5836;4404
5837;1928
5838;5791
5839;811;5979
5840;5745
5841;1225
5842;4679
5843;1511
5844;224
5845;191
5846;4368
5847;1660
5848;626
5849;79
5850;354
5851;3194
5852;847
5853;3003
5854;203
5855;4
5856;57;5969
5857;6
5858;3846
5859;3125
5860;996
5861;1754
5862;5295
5863;119
5864;24
5865;768
5866;5623
5867;1791
5868;2296
5869;4950
5870;831
5871;2170
5872;965
5873;2752;5894
5874;5336
5875;5580
5876;891
5877;15
5878;360
5879;7
5880;1310
5881;4216
5882;37
5883;937
5884;4841
5885;3834
5886;3500
5887;397
5888;2916
5889;3362
5890;767
5891;267
5892;88
5893;3642
5894;5873
5895;14
5896;2379
5897;706
5898;146
5899;6
5900;897
5901;672
5902;2781
5903;4148
5904;20
5905;3461
5906;601
5907;63
5908;4620
5909;3456
5910;121
5911;3503
5912;110
5913;295
5914;1563
5915;3814
5916;804
5917;1316
5918;2900
5919;4538
5920;965;6045
5921;1681
5922;5
5923;1262
5924;20
5925;1271
5926;4344
5927;5551
5928;162
5929;4786
5930;5293
5931;182
5932;132
5933;4904
5934;2595
5935;1434
5936;431
5937;189
5938;15
5939;179
5940;1705
5941;2185
5942;3384
5943;2437
5944;4762
5945;1373
5946;73
5947;2595
5948;48
5949;2722
5950;5793
5951;520
5952;4905
5953;920
5954;7
5955;2808
5956;437
5957;5743;6182
5958;2824
5959;3521
5960;104
5961;342
5962;4853
5963;4661
5964;2441
5965;775
5966;2921
5967;5679
5968;2195
5969;5856
5970;2495
5971;276
5972;142
5973;3486
5974;5049
5975;6
5976;733
5977;1109
5978;891
5979;5839
5980;4860
5981;2004
5982;5308
5983;953
5984;1243
5985;5510
5986;151
5987;11
5988;113
5989;5721
5990;1947
5991;1062
5992;2308
5993;340
5994;4487
5995;490
5996;4725
5997;937
5998;141
5999;947
6000;1121
6001;1466
6002;5674
6003;432
6004;236
6005;993
6006;1015
6007;124
6008;1773
6009;1421
6010;2492
6011;5590
6012;1406
6013;152
6014;55
6015;1173
6016;1611
6017;2271
6018;24
6019;2124
6020;2821
6021;138
6022;4663
6023;324
6024;10
6025;394
6026;0
6027;3068
6028;1571
6029;816
6030;1401
6031;545
6032;767
6033;583
6034;40
6035;540
6036;965
6037;141
6038;318
6039;1153
6040;91
6041;29
6042;5676
6043;5157
6044;150
6045;5920
6046;8
6047;2433
6048;482
6049;2343
6050;3344
6051;973
6052;928
6053;76
6054;1741
6055;1946
6056;1014
6057;3464
6058;7
6059;37;6098
6060;480
6061;3406
6062;963
6063;583
6064;4389
6065;1235
6066;116
6067;4818
6068;1523
6069;5408
6070;1164
6071;769
6072;3710
6073;54
6074;2014
6075;786
6076;2013
6077;888
6078;2470
6079;4510
6080;2159
6081;2469
6082;7
6083;3380
6084;5334
6085;364
6086;2079
6087;2756
6088;3577
6089;5341
6090;3278
6091;1996
6092;1207
6093;2068
6094;197
6095;4
6096;15
6097;2494
6098;6059
6099;2100
6100;211
6101;2533
6102;5
6103;922
6104;810
6105;5392
6106;3163
6107;338
6108;454
6109;2145
6110;1744
6111;1362
6112;2212
6113;1311
6114;647
6115;315
6116;1547
6117;206
6118;1111
6119;1235
6120;4661
6121;5542
6122;1825
6123;2350
6124;125
6125;1988
6126;2333
6127;766
6128;4638
6129;1611
6130;271
6131;4601
6132;499
6133;4338
6134;1571
6135;4761
6136;3374
6137;46
6138;1982
6139;699
6140;2236
6141;1020
6142;1490
6143;731
6144;2343
6145;118
6146;1594
6147;929
6148;3384
6149;5018
6150;138
6151;207
6152;507
6153;837
6154;2368
6155;163
6156;187
6157;3623
6158;695
6159;5024
6160;3635
6161;2311
6162;1684
6163;4220
6164;1741
6165;548
6166;336
6167;956
6168;391
6169;2904
6170;15
6171;2138
6172;3533
6173;727
6174;63
6175;131
6176;511
6177;2083
6178;920
6179;1864
6180;191
6181;865
6182;5957
6183;476
6184;2236
6185;340
6186;1491
6187;712
6188;2461
6189;7
6190;460
6191;113
6192;595
6193;5734
6194;3614
6195;4873
6196;15
6197;4815
6198;338
6199;39
6200;2769
6201;54
6202;7
6203;295
6204;349
6205;144
6206;1356
6207;177
6208;5227
6209;5268
6210;73
6211;5
6212;4824
6213;454
6214;790
6215;70
6216;95
6217;392
6218;637
6219;609
6220;84
6221;780
6222;163
6223;3818
6224;148
6225;2158
6226;521
6227;3290
6228;1977
6229;55
6230;10
6231;4223
6232;1325
6233;235
6234;4001
6235;54
6236;2637
6237;618
6238;5743
6239;5410
6240;1153
6241;2408
6242;648
6243;2360
6244;311
6245;5484
6246;199
6247;670
6248;1595
6249;2937
